"CategoryID";"CategoryName";"Description";"Picture"
"1";"Beverages";"Soft drinks, coffees, teas, beers, and ales";""0JFIF"0"0"0d"0d"0"0"0Ducky"0"0"0"0"0P"0"0"0&Adobe"0d"0"0"0"0
""0"0
c"0"0"0"0"0"0'"0"0		

				"	""0"0n"0"0"0"0"0"0"0"0"0"0"0"0"0"0"0"0	"0"0"0"0"0"0"0"0"0"0"0"0"0"0"0"0"0"0"0 !1""02#A3%$4"0"0"0"0"0"0"0!1AQq""2aBRb# r30႒4C$"0"0"0"0"0"0"0"0"0"0"0"00! @1P""A2a"0"0"0"0"0"0"0!1AQaq 0"0"0"0"0>ff"OvƞM/ցHSJj!xSrh2ov$IFa5h\8u_Ȝk&~lJ8.jByǲ	7]Te2OneL$<ە-6F>JoHqUҬUX0;9nL$2L$-lX`rcTQЁoZv
&IQdc6'PF@%2<Q-noW7P""$\Jl%SH8&=r>w޺9oYgJs"0-gD4L}6@qE))iu:I[BhXZ0Qfbzon/oQiX\~忪	KLB"]u`|}u}-`wrY3J樅e2>b	L$imB""(Z""~B?'،	3!)Z0	}ZnmNC96`*z)T6FhA?M<n^.l6""A`)j=NjT9KFήq`"O[(3zp}5Nʴ]1^JHM-Zش^9	I~7g!}h".Vi&8?"0"0J4boz_R}cg}*XglӘi<+3867'<m6|\۝L-
Mc>>?e6I"0M=9[#|<o,4K#yԒvd׳s+Y)\#jG>OyJ.eyN "n`ilcX弯$29Sڙfr/
#tUexd'NЮr1BۼlϙF۸\8ԩ*Mr
""qwHo0VV/P)~]اIfIL];DOK(/#[ro1;^"䫯797Uh(:DJ|-Ɋߐ>NTZmj-5K+UzD3|1+W*褖7ӓD]~59{ҭTG8L/;
=l( {A[WJP=VE(/VNG""!䮵+M_$֩2X ]XbcUH$J/-^OmՖف+0ٳTԷ<W|g&dikFP>KuđSlRVcuxe2Dc|U7(#ֳ]\2}_$6Ar"+~踘!vɽ1D %?;o)$;Vz`䅈VfL"0r?U睮y	N6BoG'֣""S{\a#n"do~>l2Gx⪜VCT$!ئn>~[Cv&06?ŹyEQCDMp"0"0{P^2A59Ԣ?#@JtƏnapBNcXWB?vз*HBp+=YNg)X(1k	jr2d7yQq+7ѡHQ.+jPy""g,,j.BѦ0ú=GV+27S1a"0@a<XCHNW1aacHhpsKP=XXDea :	
-:ΛP䕸.L=/ [5yB3Gt0p,˲%e4=
콫ڽڽi"0"0*#MFHG,i*Z09D?nAz15F5(&(emd!жe+j-XڙzkQ~A^7=yNQkx׍x!^ySk4/^ aUCNVVVu*1"@hOu!a*Ě\2eJ eTc*4{7@镞]F
'VwG@Q+8Y[:FY-Mjkppτ'j+eR3j#8c&@"e.C+jy뺩3k:"0?DZEU!{f`jG[Jk"0?pP~u1ֹQbNrCln-y tircQ
>ПeL)"0"0?!?"ёr1zdiZr3YtZDiZNQL|MjZH\%(}>US]AYJf&T&iDޢqK͔>:KSCFifIMHuj*(g|0PC~Ȟh0}->Qtfj[9GeIT(::iSM^6@D Iõ+dRaMQif2m(JIbSQZ壥Lyu=-5$qU,GW+2-^-|Nvl1ԟ
~Siij|92&{0
ܻLŭ8"0(2ӳK!]R;-A铙y麔qZG,fUooRܩi{ lPq&&bQ6{o?GP5fzwbg&zk4Y*$|D""螥Fnzu<^Q*J3qUNGo|_/iYP(8h*6!ThYՏϪeNaL3wŮ|eUGc|_x ͕[4l%RڰF)E1>b 0r; G;n&Tj_jJ3=VŜa`ʱdHD~{zbEl0ZPJަ\LF.w"00ov!#>{O*k֦sUj,nc+cL%/4lVQPmǖj2KǱB̫kJu}+""3N4EnO]ZUib{w㷋2h`v\wN.4n.
.aⰳ12WtN(9Xq#|7I"B"Jca3g}E:Th}*Ld[ကFqE["B*Me(+^ԕ:1"0Z-.gr~R8=a˘f4%k{
.f7i԰1eFɓ%@72i}2!_[,,/dXd53zFg9F`Ibnsd70 o,՜+GQH40f2Z,q_N5ZAq̣q/<r	M-bk:չL~֝3bQܬKOGM
>Eqػ*.,XiûͲls8?_`=L/05~MiJJq7F`0R~6*"0yfXc;Ui~$qy+%)T\QW'>ULei"03Tba(o&$yLLs,,(j#vdD|Kިr/p}8.:*&'51Q^j[	_"0Iofl,,;ᣊ^=]?t.=޸7F*\snB>,YAc,Sꋞ=/1^_+g"0?!qKQ=Lg2l4RAY)ҳV^w>F4yyUUs⪩}C7ӫ@va
>nyiicIilmO`M5c+d4EK:|g0FFf\$#h͏+5X_G7júW%Zi|G˵gpȄt<"l=ly?0OQs@Ds,vhU=,_A4ʂ?%*|""W3D7""tD]aT$"0"g&\~s%K(=w"0)bk^)uz/Omr&wIM	X]]apUаf""V5uhs92>^4W9ڿك1VO.mrO'<)Jޠ<͕E[XW(ܨ5dwD|q6Y9W(9e?e"")_O>[<SH@Z2ޡfU{bfe9bF'X$K6p|
rcwm|DFwbp_\s%u_HAE?d:vPhb@\V--|޼M"0UCcVs%OA"0Jt?'(70[N"/̴SNʥMËlmAD8""&kو!*'0^s
$v{A+\A.)4h?5A*i8vh焪,+PtY"0tD"06yEgh-ձ"0{6OjS0L`nWǴ?"0 ub<p#aǼo_#]""2!	e$3 CKΞNO9,jcFY$g.ʳL 퇫=cB_亗X2ؕrmqh/i*	MLט#zy\cH[r,XF,7kߚ-P=5^|ШN]}dNx"0RZOp̑/=#263+h"0)8QT9/E+oҼL\N׺]6}Xh*SQ'QSNIg!
W"0k
x8-h(pq{_#ur♊%2#ZR$]67c4~	;yepb3"0kC>Ҙ70$|&sU|?A!KGp'HD&Mjٜ,We[Z?1nUٟs/"0+Łb4'-ymM5S|37.2T~`N}96rK%㖔yVE>#bḤfU9"0?!L="0X䤿^0L!P]BwIPMD12_A5IL	RUzs+bX,44Jnޏ#$nZLX
z$$1ZJ'L^=8*H7Dj6lppׄ%IQ^ɘ@h	Zo'	BoK˄b/}@U8 AT[*_rdT*Vj%C	r\)))r%vD2zYz&نӘe%Fl37\VF\#Uz
%!xf~ĤvO)^EMz"0?!pOy_@q1#V[=hfej0~.P屳Q1mЋEJ ܩ^A)Tl)H@1Akq[TfS3*ptvNrەD^%Nǡ0ǣ|E-rC.RW@J%g9u}5B_cTԧqW4[!z=-l<o=DI6TxJ.\zGܴ}ޣp-Q[Y"0	uz|a`;A*v1P""%MM zTP^^Jf~S&&"ed\ʊ%#>z;~eĔJ8)ndWx7CP-E/ĿKb"0"0"0"0	-@>_8 I(G"0"0"0
E@"h<h]$>zߜfa).o^/D$Q{,<XuP@xԗ^i1HlSǩwAuo"0?;+@LpZ#\ƵeZIf$3328*BԻ<P*>#hfuˡ֕fv?IOKԜ5L/*AfqOUݪP;JfFVC6+OL&MjLu@(0c*V36TB,FʼtX"08"BXTtM+9,pk:]]4ʇWrJA:Zwca!VB""B"01`U!88H_bGQ&}_5o ӓjLWTKrS*80R6kPR%""u0"09(z{FH
Y%J],	"01^VvYDxXU{A.OyC\q.v@r'c<7@[0f"0801@X^"0.).>x/LN8?L"0,XZ춈ieCx}|03AM&8ޝ9;S[ȃ"0f(/O,0BKm>ĉCVB0YZe.:J""BXUB;BHU=jZ"0HGeac\b(o9&?+"0z;D+-sCB(6_mupDXuB3+/(sH[oNz\uD,.%P.@b^>̛IpיЅ`Jsψfة;PMU5g]ueZep
ۼq"0?`uBE[eG<b\&Y0ξ"0c.[Bb㋊RSrB0\	U1 :
*VoUmKsX%TL,:Mj(8s.)K.||gx1|g"0RзݰV|Z1{[01("0+H|yL2XZ<Հl!.r%NȍP08J03HĢmAjUJVi 8{"0
6""TY{DJŌ/"0p٫0#k063TmD(h'mAAf֮'"\)]@<Y=PUР<2LsXh1*<sD2
"јhRbB7̦cuJR})'Z"0#`1:f!쳂>ys0n#a]mmz	-AKiW
Wc%Hó.{,:q.'M>Ц@JF2Q#ZwMz9߽XcJH#;Ll"02As`"0Em/)-SVj_Q5Ή{LQd&hI-
ʏQ"0d9I1.k\KZ-D-?dYS9"""0^Z9](""kҌKB%(	9^Pm"0qʾ&bq0s\T>ȏh_ff/Y.#UMւ=2P"08qK<i6Pg7JU99;*+./xrxJadxᆴ-ӔD."0(GEird$.5h"`.qe^@8/&=*so 8E)1O?$Er-E$QB@PŊLУZjT4J,PAs	p6[8lҫ;/ϤڲB^Y609Uܰ-08D\T=濈wб69%	QMx&UhMh\RԔnCZBRv#xDP*au+Q@Fü	BUV2Uomq!&[@+ܪcx_"02|_x|86~NA_ӠXeenK4_3-γsCrq]TyL+Fng(0^ymWBKa}}6""d0g)cőM	ԶkG.#%7}ai-̮2"0bS]%	ߺ0xwy"0?D	5Ub`Z?nFetl0Lx@{0.&%8Cs"0%m"0Ǣ%uPqVQ*gϤ7*1e2?AR\
^4iT|}M>""u,xċ[H,63Oo=~Xl&&C),p)3%B[` ]J!\ݳ"0TFn)ca0Nx34$0eG>c,A%{Z6hB0LL& ('*\J	"0hDS,'*7n"0@T+b-_#An7"1D$Q}yխb""SM\s^ƑCLfWg1Ǡ.PSc5MпBtELK f
jyu(q	tPT#!UTaf (ґN0K0^(V%W55<+Rk""::	ϥT%OC<Ca;SQKE7gށ"0`Jk"幄1#DLp7mL1""̻!O("$cןKq3[ѮeZxGu&?TG<vbW	._ǧ"0?,#1jEAyeMU;gJ(Qër4z0dq<xձARK@Rc:
e<`7H^(}K}qbC
[""sa<SyB0@^b$C4\Dg*FMax.Pг߉QY"b%o~w_-Ě:=,nywX#) "0mʋ'res1*
?(."M0J#"ihz%^³$p`gp(|K"0]Y""EKOE
0lQ\u"0""L(3^ǿ4)bgAqA6a|M`9 V%KrܻsR!{bsG*6!!!4/8ͩ><IzʁwD]*KU%=\peX3?HTB%1y"0$ϴ50au&<DeG.!G%, G)Kzavʴ*I.zOO0R^y/D+先s*3S""ZFPU"",Tp*"0b	zq;ԦX䘴bqq"0/q}>_O'|"""0"
"2";"Condiments";"Sweet and savory sauces, relishes, spreads, and seasonings";""0JFIF"0"0"0d"0d"0"0"0Ducky"0"0"0"0"0L"0"0"0&Adobe"0d"0"0"0"0
""0"0
"0"0"0"0 ,"0"0/H"0"0		
		""""""""0"0n"0"0"0"0"0"0"0"0"0"0"0"0"0"0"0"0"0"0"0"0"0"0"0"0"0"0"0"0"0"0"0"0"0"0 !1A0#2""%3$"0	"0"0"0"0"0!1AQ""aq2BRr# 3$bCS4"0"0"0"0"0"0"0"0"0"0"0@"0! 0`""P1Q"0"0"0"0"0"0"0!1AQaq "0"0"0"0sWXre֏5FB,X Rt&VOi2Ks3.2kǝbuإ[7SշTה"0^}-uv(_N|7wWhc-Z5Ֆ]8,r7sһUwR.wy<_CityX4
D'r+u#1lJ[[Njޡ\^LFGGH/h#8!>.`[6"0D!->3}rhYtT<C9Сnx;<9j<v|զr"Ji]ɕjsڞax'akG t\,Yf!ծʿ,9+w_3%q[WjL_vzxXpao*[%%"0""ĵ1,sM価G]a3G`qcԴ
]K`Y]-Q%Վ?Mzm!{f7<{E[2Q4\x<75fR̩&	^x+˯P%a@غ]'sr=zק5FC9Xдesȑ.TB7j1*
/mV2Z;Sk8*DBef:usXNaܬ4V&A-3Y<\]=C"0"0=WmvWf#C"0ȄVmmUYRt~VuY3Kc4#b}vS]ŭh]ɃR]tm։ث$v\kUfV.k_MP߲rPTTU[(u~@˽,w2Ȩz7wI\XL놌MA]_c%땿Nff7wEE^Gׅ:PEߝhaٶH3EZzdxC=X`~Q.8c[Ica=GOڍvw=˞[+4514JoesV$1'mX$i{}1x7cmcmO|<jώZcbݧ1
!غ[mAVRkG<Vkǎl7wxi+@"8{:ghnl GmSW\؂9ՒwS\mnƞ]nԆ̫4Wh4zul<G-ŇۼϳS}o({WinGҪ_%eڝn}Y?XލmU/,GK!Wҧ{n6#,;V?rA"0*QYA?-+S6jh3o+7wwCbkO}DnDCc]_4bHγȯk+QމC0+xaVѼd}ϲiiTLyD"0fi[jA^M
g{JeMX̏S/04;M5]FK}|aaaaaS=?d,"W#]geҹdrvJdچyaZ{."">Xkک.7ڍѡj0lZ15bs*T&S/azSNٷ"0ϗ=~_6Uf"0 X{k7)N'"0"0Qg;	Ag!t,{fS~1Jq۩~-@{\}ȬpZ#"0+'ϲ(WĄ~J)Wa
xdҰ{Y	ckKS=ͮкjZyh;9gg3$pX]КWABg HYAtZ+,O$j)ĵ6|A9S6@,ǹjNYA͗e(7	+xpMD.}R997Օ
*oqԺRҋP	]B7q	NO$.>Sj@ޥE"0"0?"˽)'2%l?cn_V&&;߾.ԅ}'h:'O՟I*N0`]"0nO(ºRz08F%(BV>Q_V=!Ʈ,3=p
ڦ?}z1+CZĊiYYL<r?{|r"	S5OQ<?"0? =*W[Bs $g"0?]հ`X7X^4?"0?ӆH"0+q"1Pq`rBLyXv#9"J9Nܹ-aH"0eN]8T;}""p*Itb-yrƻNbMzZ]\FD1=hujfw,(EvUr	1&gSXb<r]$a"0_VG;쏸sF+6gYϦ<|r!l!
-kMj]ԅ;gp:y{pJ$E
>+cj&ɻ1;۬bt~X3S"﷑~F5O6wh5"$]_$DPsNwƭYTK1iBe_ҝܚSI6p:b=&%Ӏzi"0>OooQIc>[T.2쏡kwްN:FC"0F[eڹ%nׇO"0C09Q*El-{}UK!3CTl>zM̈Fd,hOV
rk<MUF5aQ4y"":pk_""$H"0IŽ'o!qDJ#lUwLÊokiS:A>r7یb6ʒė-ʻ[I
OodN=+p21oԙ/?7u<]ȭbvlkwRך=P)}>¥w,usbV˙#5ǄEՌUxU	m.u{ǇΪ&)MɽO""a6v`?>nуp),*32##A9T5j]xMsʭʟe@ډ`&g-Pt?#q].M6LUX?8{iUR\A]FrF԰8zM\,kMXQ& __:H Uz8`/kf>*9Akpm*/1Wl(H/r|9T{=fc2YS[
f4_u")_Z'n"""0S~L<h~)d"D<2%z%~5\6&q,]ͱSHժ"U]Vű sοAÉL'H"0.>:Gk
%k"akWl5οG4Y{io\}~tn#h+ԫ|4#nķ8тNVe]}${&*rRIVkeQc}[!+(㇅m^7\q'?
]ߩdxųC,CQ~TO}	H;qʵYje.ѵ0ά[Xv*_iZo#>q)^<- ?]w>HLϷ"0WL)wΡ\T7I욾R#qN{XVjc[F$/k!7R?HLδ/TҟinRҾ"0V1yQkpL>znˎWV8ԛySb57"0HVA.I)ɼ5usVu
h,FEȿD\Ugf;d[.j*1@*x/JO1cI"0cܶ\]nrp*́`y"0u𫩿x?]h>Kb!@"0¿Am[xRۨSK8z@315xte^QmgDpRx֥gNi"Q?uj,,+P֥4c{<,1nDK4>jj2)VZܿX=$V"0ϕ]qΖȅȊ0"#;P)(㊏t&l"oL(OVra6.#޷z 
v˪V<Mwrs"0ZkcZ$_{mK*C?]I"0e"0.yӯI#B*dSm\Ol%tIbR"7XV"Gƌvr5"0]vjEukEXW*+cR1<.u'u`\"0|]颠*-|TCn+(owH_oڻ@s{݊=01sr8FH|1J;-q~<c(H5:sVN[p?,""ch{^7aK6"0m"ۜ2#pº}7+lRExQ"0>B>8-"0Al["0vqLZ=*ɘkhuRkځ{+XVjpZkS"0?!"")ev"0[Bx@gCUiv?DPoBv#{O綣71chVWdC)MI#b=KN"0wq`M PoT3"tİ+n*uZ:2zUg""}x	~ȳO~"0@<}nbwe;la;8^@-%} ;lK8gڇP\5+"ێkXă4wB%X&9R̶R'R."0r<Y*L]Gm!?S?}hb5\LP'GβeJ;ʁqһkG0YU ~R]1"&M[CDEeZڿ:3nmddSe7
UrJ[i	"?GR)lW?zz^>5̖"0a;pVW^볹N[B4	of9>RLhZDcD&BP(60)ry#r?u)Fؗf&`rm~}4;1@WÙi[o>R|0n}V"0¯gE5K8/9]%U)Fn.$"0JnkCi};R +d׹oBD%&"x(9_KD5&)5nAJ/0M^Gh^ˮxib"0qem*&|?-?bWD~Y'"0={j՘uW	#?"Ix8]ETG"0ϥg|""6EXC2p2Ö1kcZےiO;+%t}"8%ǌ63gX{?ӘƼANNH^=]50+OpW.׿d>]6J$:rjWq[k.!7|W"<<NK˽}Ԯyjp+{ߴG"0I1JCfˮ~|""|"0
ҝF5(v+KJ_=:գ3i#p|ߢsdkJ`G(jW1i0f˽W-1]"#, 8܆c+<ԣYRͣl"н~Њ<g(뜝M'UaȐȇXk,1|2}i@"0Qd] _T?LJ"0e"0C˃W^"_BN4**%q0F>oe"0L<bVfv!	m_DֿQƥ(MKVK/kqn\E=yÖo5wsRc2\\/Fo-zM!zWaQt]\Kk>w*ݍFJͦb->B"0d"0$8)_DJ5b""@;y8"09p{*^ww?ɺӠڼ:>*} Gڈ艁I@q_ZYHoVp(xX""l,{}Io>h9b$ӕ={cB*6X^,ϑ,q"0S55ߙX^gя`nt%	_]3?:4PAҷ`Pr'YNRGw"NHg=N{K
y?13R+[%;)}Eкٹ.(x#@ Z	"0>;Z"0ZmW&XY=YU}C
U;fXUT#낂{YTP, sH_g㲯~jBMs97ܣOZI9'"0?!e[.LȈ8匸""~"%LϔAĦ(߿(Jsb9[e<GYv?t]@Eu>h%d!Xo#jAjp(ߊG[mgĵ"L˶$E}M0&.eJ""pϋ{Oxpt$Kǀe\CxI햼	#j<;%B`=o+Ű&f1xM,\ÑWx~/Us8H\H*""_;Ek)Q8| 2qm-ay&Q~F^-`Uc4ʊcx\B9BRs/o^n"0?!,""k,sN>/e|>-!<\QFuRx_*/.2}G>~L#-"0A~?S.{;IƼQ'aJK#xԍ'h#ߒz<ԨDΦx3K,
9@.u/!lrA^*T
*~|ׁv*Q9+%J#[Ԯ=yPyT""Eg5;*\ #,<x-"bkC7Qsy"0"0"0"0z4i}Uk%v]"XXP=$p9?{2SmCl˩Q.dk~-($]*~'<xJ""j		5"0?xv-W^+L.EnB2
^Cj-
ഌAo2]KU.Qu5"0j"0>*G@-۵jxZW"pA9*a#[Gx;
F{Zhڻ#st)
X]u`AG[h=q\{:]-
VE=")evhSTN4EG+qb(
"0칄*<\)%)O1~V"0F@-Z|K-f*.S'f~IбդReZ`&%k-TUۃQddA4I@@uL6ʩe++
z|Yǀ8R5 #ti~)jESZ~pM(ӗykmU46trܤvQzP:/}FBtJ[3T฻4$T),/gEK?1<Q5pN|!]5zKE fSZFB5˭=@"01CD;iM>ypW0F?in4y*]/hB˒sctm)\XP45a|G'"0 K湁Uv;%Z)KJ4st	PڗPW젰`Xky▶]W6`X 0.ڶֵ#"0|{贱"'B#M%FUKsUЬ-|+{aKmqKap,ޫ>Ś""[BrNHn4cH"BΡ$B҅b~:(U;tv6%?8%Ut+hC0K10՘cV!mSsz0bp[M˖, euhe9)̸2]"""0x"0"0o{Ҹd"MZh"hUҚXYyv+pqQ+Ҷ>^"0\,9TMuBc( i9UB:ȵhL`f>X"",O(7MPG0\-
T~+٫QJ)M> E(
_+VTc/SS.upBvmE{aCP_EcV֡)"`2~"":D	+1Bي/Ȩ:wV~*$*aAz+hLy&^ZEаN_$ٮE)\$"0\NpYbPvalW*Hʘ{VLiPFm&@DVaz7vq2ަ6μDMRdRIm}*UT""ŒZN*E" X螅ʖhmV6ԬOk0\R""%Uk%YZ""2lBq:5Fa!Z)~$""<5"E9d@7jV*z6+IG@қZ4""*?ܻ\V$,	"0l""hF%ϝ((<KF,#8L?,$[0J=cuen*]e϶PF/ծqy#.C*#5Q];+w#Jf+hԤS
^HZʩӖ\Nq,4Un8ѣֿ	<>W+>TCԻ-pԲİ3XF*_)Uty<Px^W%lb`c2k1u)Q`ik$)NTh&]$	t(f=JDYJPt
|zq h7r_>ݤ2WpJ/!(H&{>a*FX&!Dj<W,4(X	jbݾnP
=Ew*ҒUX `#,G9"0/QE-
;hZ"}cͱ"0"02W/4kOJ|sVޅ/~8{P[IՑa8-pĴj"IZuBU6""JSXQB46URba"J(5/GIBA~pUZ3n.pi	g'(wOܯe"0ov(m5P5"0=JR\[٦^d(W!|
a9U_Xa=T$Tڣ[-"0%5IJD!^"Ԏ
P){,,(jodpAZ8K!:Joza\zk/@A洔rڅQ c4e+6"0b54(mEU\M;UnDQT&24/[ CUrH)V"0`
qV-]X!!$'ۈ@"""}fT*\W=b06reVMDMl+ʤ]u?"0?{Rt(+#
JRa})x"$a
x|{GhH hE)nH"0#K]'""8ObwqKUlP>e^b"0,g#ll`]̾PHIU;c*[{s/fx7Ɂ#xaPbqr*fNJro"0)	v7{>u@	jո<"lu"0b W cASh5
D8D1p
~8"0g_2pV\nuAVA;}=4*ʲ2 E`1""KRLW8xƥ?Djle`T]r_1jA!ued2|>d!8|Zq"01˭2""1沪ko]|ϸݦTpõugpr24)DP}4?5E<EVGj14Nw	`͈Sv0J{"0vN-]8isGGSD.b3 xRA[8^mG3Ԣ1
2sN|Q/A.k/Okf=*Karq\/H>2-K[v'%*:iɵy)\w_y,ĝ-+"0?ͥTrȤsPD&9ɩ@ǲp"06c_"08"0SԝyVϘ#G 9-@)Q/<
""WY*4UB6OM"0d1"0|-bn1@B\JM.$V2	jU^XDAK~[	W=_^M"0=lyke\ii,jEE싶]&߈d?N0IM2"0_H6"09u߈#,TÃ(O?ħe~""y~-bxԸ@=B4[ބC}in2߯FZ"0Ȍ"0ff1U\pfy/,秙pwlf"%Ec271#>;dk
D ׫ԡB#--(T{Q_PEV'7"0u^4 fȽ"0I9m
|^h4ƌ\^2=Ȉ˅V8?DP2 !KpG*<dvW"0"
"3";"Confections";"Desserts, candies, and sweet breads";""0JFIF"0"0"0d"0d"0"0"0Ducky"0"0"0"0"0A"0"0"0&Adobe"0d"0"0"0"0
""0"0s"0"0"0"0"0"0."0"0		
	
"

""
	
"""0"0n"0"0"0"0"0"0"0"0"0"0"0"0"0"0"0"0"0"0"0"0"0"0"0"0"0"0"0"0"0"0"0"0"0"0"0"0! ""1A2$4"0"0"0"0"0"0!1AQ""aq2BR#br3 񂒲C$"0"0"0"0"0"0"0"0"0"0!0@"0 Pa1Q"0"0"0"0"0"0!1AQaq "0"0"0"0qzeIxrvXXVtm^͞cRkeTᮐW^wlCNz٩;%MY-%4XzV
taJ܆[z4ʱӨwv8B+eۥhZs	7/''&k<XKD|xO1VZcmeTa4$U0GNZ15qy>zZ2I^NݩXd0[-,kTKUXEt}MPkKus3Y3rMGt""1W7MM{{6}ZW-Xha@-4<+FޏXף1ArC2$	ݕ._<i5!"0)5:? Lȍ+	˷P=rYQ-49y~[6D)8Pf	M,Teq'[/;ܖ36*O'֙`q#"0QyW}Ztil9&>g}XԕЩg`,+'/Z e!תd\Sɬn=RIe#QRU?OdOlozІD<h{&뒚qyXjKKS\Ό7=8:Q~7s:Gͅ5]"fx?x;ռ"?"0"0جUfMWR-W{نrZݍ"et%MΖWX/򓲰Uq՜ߨ;	ZOx65JްkFSe3EbתƵCq;W-J~MbUUSmMjܷ_NƪhY"0nīO}ֵNshԿ?;[Ukѽ+[
,+r"0f'Cp5Q֙5rY[-֢"wmjmn܉A}?hM\+ԃk-G׶wTTm"uWwM_V5l5_+e""nhQr-
ra-vڛfҷw9-toY@1<FF+]-z
[dXM%}׵9~{ŷR䔩x2+)$*p"0tcsmBC5PGٗt?Ƥj+u/X;(87Tʯٷp}eGbf}z7RJgI}ŨDY)dѮk۶݆V!QbnjGYZl#czzM;6ҭsWPJ>庲ϫjܯK&ձ5>nϹ;nşV4"0|,`വU۵W+uQKk֖|֟7kofuY_4Vs;)]O~=-veKje}l7k,x	r$;UWl"z.P0E[n=NK?%qP+:IAx"06}]DjB¢JHhcmf*<5uj`J>K/Fƫ}z"v{SMrZ=bt]eRO`}N~""0K羚ȳY}ط(l&yH_"0"058s
""q1IZrׁq+""x$@b.!Eʠ:aPLɘ4?b"fc[=ئ*ʬ?q8	&3=A9iDkgbRv9N%'0}>Ab&%!ǌnR+<ffǏs]aXr	[`Ţ\LN3T#Y6Alaav'y!A19	4\ư	2OqPPd@',gV&&e
@p$̮;!=p&g
Ǔ"0s	 [`i[ff[v
{=9RqF\<f'TV$xV""+b-Xσx0@!H+C"0ek33Bf!b~՜lKepC=6y"0"0}&A'agcdD8Wg(f%-|qd3F0;FcE)laob~9"0|jVYP]Nm)33a@fg60U?A٧\suZ9~Z~""rDʘ-bV=c'h!Fn""p=Xۈ.[y3	c3,l^{0V!q!Ys3fg	^`O-+P}@9b6`c9J7NpY	u}8¼r{ׅX#N"ߎ98.&%uCDN33>x)y*jb!#7i91
3qr3<.eF]W"0?d4Hu	]?\D1_ r2"0?[:Z"J|BN+pTϱL."0?,WFLtwjSNY"0!3q\TsS=BXF90PsĄe[#W#zPaiFPF^1)aIQ˔BJ!"T/SE,zLT#?M%O#)9@SaC]XKq,"0<{Ӌh!S0oM""Ů+1[$v_PF=⾔[t۫|"04`=-<>l	~;(zrk?hWt1c>S"0"-
J"\.ݪıqU>/VqC7_6iolφFgKޡ08.<+-_R<ɖukߢ`p;!hߒYNQK"0fU.)5NC?	GDQf5Ϸjbnd=&Ys#dǖ@#iV_(9UHk_LN48Ͳ_pe,xG:%^$JB7r7z.[mGm""y|J#<:+lZhK)eK}<ګ+2qٔe%*O؟Ów<4"V^jk	_{Pe!h1k@8,bje|3NJO""TDD4zԫ'
4(J#P.h60]kgʆLd>О[wvdφDf"c_iݵVĔ]qqgmU%qW{C'!rxdjPh"0tTb#,~.s2F|<9_Wf8! N;I~	3btU,P&+7_8đ!)f}_#P}˛_|2r},<Ze2?('眜svR3"0q!W7HT~yn=Y7?fLcElxEc=uv;)K(~¥ma=3y[
˥<D9sN1)"0*Y4.+("eژ(X~
, /Ft݉#e^AL ۊ""b 1b4۳ǽZ,vFB.SA¡Bo/Da88)y{s|8zyBQ`6{%u2an7rK<oF!?PD1V]"0*)ldUP;Gj"0Q"؎)lzڪB*eT!10C"0+(}k!߽s;ո{kitH+dA	#䬀~*118LsJFck!+%uX]1qyQtJ좈Hd %-hKdc5!2ğDG\!#WO'澔o衎Zʎ4NB|5`]ΤK<XPu<P?G	`j\?IR2G/ѴvTlSih#JTHL
]WpGJzxͤrX:c/z_p[trʼNꀈJ"0#tmk_wtҤ܆v"s<N!Z	x6X<ƥBrˏwUkG+k"0N5HH8&`	>B3Htor-$""""")tP:RWFb(;d:"0?!]gZlUIVo!x v)Aih^껀@oA$ŵweڔ$]0.pQІEplKC-!xt)t@x&iw䣚ښq2{1!vP>l*y,xTT9kj vvv"0!g=_QE""_AJkcojQKRy5ӟ}F=y̧L?_/v坜3S>I8-W8u#\yOqk,SVQL"Y<=E5tjj\1?Vs)N2SQ0Wxc+ͬn]""L3ڌO?P*JB緂""F[D2:R=^>v~{	f0m*zfY"X>"0ӯ2YsYiN²*k+_="00""A1ʐiq/a<kcU3z%zd&oXlTĔ||ܭ])MVz))%Ұ	}w>	85Ro'M[7`̠m'L_MOngEx"0]8J1
+縏nSàsJ+Ba2\p^唃Vd!P`vZG3
}B}Yu"uS`nuRت(WF"0FpsL,Ap~U1uqr>,B1[r
;%vkKUs^JH=Z4]yq/Mp"0ytf@S}SB}J=u-Ow<c_{:dvpQ`%qW2~eP#^es2-C$	%waeyb.4dGPXURV,xΡ%\io_;nbSD&Xt~|\ƴ8nu
fR>Pvf6,8[%'SK桗^Hz+pG`'+5~BsD8\ms^@0B˪]F֫#8pd}'q>n-ʔgdNtlXQ"0qf_[B~#ܷ2rH]8`طqeZ~:s3lXAȍO/ vEK1I6e䚿DeiuhYkeBq6d{XkY:r,
- umG2y%uG^F/wi203XF"WAu\xFZ[)EA[d=S)TW4qrpS5\?$:c!k~ :Xz #V:k]Ddr|0wUʪEiѾź`[Es>>,j,c+u?ȡܧ/%I>T^q̫bCg^G|ʊ%1YjB5ZG	1TA/q^/z?""Ֆ|^""PGw2:-epC'Ɔz1pж>lF(.)\ !Ԫv sXLf,G'ǘ(9NF]l`q?%SY"0"".vl9Bw`ĭ;mr˝p}.BE9y+=C샸,<߹yr3{ry3)?prVnѼ@,:@Uh-c3UVJpp9b\IUS6kmVT_7;~.!r?"0?!Jg."QOFm>3"0Q	Y[a/.Ir<>0jY̮cQ@AQ00ۗrjH
2 p]j}){4"0b̳(GD))FF33+w)0[iMg6[xZW	C$ߦX[%= a̳ohg"^OQ1X*X+īrC)b?ьS,#XR9YpQyDHRQxC""\,yw-es֧%ITAdy:""`x%%yȞ?mwOGlP Q+zidpj"T9FL&5V
 =s%#-?HgqiQ2h7qKʢ|	nKcD* 
B׈
Ѐ+/LH_$f|2@3,n[|N,%:f)_?q	"0?!L_r1q*)f79tZlR1b"0J""8Kcܸb5@"?xnχX$~gLCz<͘&!R"\'t}!|Gnm,LD(`?ڋLNȷ)B%0J|q£r&_QQ)1=`'"ơiX=T?h阑pbHxpCcE$ ECҀe( bX.fR~1AR+A0Ln5z-EX%SUvܵmjp@d"0"05p-|R<0M(Q,-2.an
;`u6CoQ^|+H*ɀB\q"06,1{ܿ;}Ksi(la|jkPG4"0Sf1dgp|18"0"0"0"0}ϓj5#|XP}"0>qɊ>^=8VҖ$+4@Լ/qgr4ׂ䪀W=̴/P%R!\HJ=+"0R˘"0?&#W(xe1QR`:PFܿkm]""2aBd9(q@-Z9A9:ߨ9JY0$TkMp, G/nL66\`>:)"k-Zc$ZZ!WFТ4hsybWr&	\\	*d@TW;Ջ>(*q^8/q*kȾ5}LDcN^1hs8	
hdKM-*X)Ix~J4xjX	I@Sd:PKBa`Y/G=r7)XҎWf;468\?O.yx?Pe""ѐxX]x&/yzn˕|sL"0D
vh~Z]mz^"01"0lX"0Ò\( r	Dw-joFrجͶK{EZLz/eJX+qZ[',-'oǶ`;qZk]4k
0;l,7AZ"" urڗ'd{n(4(""kW""ZyL,#/YVKDr
/eT6M~pE@3 pjY%"le(eX`C~C;*B/nJC2=pSQ06s،
"0Cxƛ}DpTQd
r*2yr0En9ao4Vat<!X&c	ax{XfY2(Z2>@{jZ)(.CMGf䫺͙b[m2Rێf_"0wI@R
/I%fJ¦%x5ieDQ*7UOъ5MO.Sha"0U
Cƪ9-]~Xy*iV㛝LLh:G2Dh-M^"@"0v}kOR)nÊߘ	^S^CfٔW
TJL]pzmVPAKHsM*`Fdэ]h%EGYjU/M5R	Cr\JyAyy*ɗ qz-IB#ӵbJ5MMf"Q'/H+T5loR#9f
""W!ejsuͼE$C"0ij
QTx̼
VT	lߍW'	zq> .;Vӈ\cUjY dQ H-ҼD勗>%e(loŰyWpJh̦&ГM8gF`i3H`_\Hh@bǪ<n`/&"0&2O""
rJb:Jg(Mѧe(5Nܳ"0mFsxal/.Y`̱1@[J-⡉N.g^^17e1Bʶ~({/c4޿"05_q`)ʀрS@wL""{86L`SSa
xe_X3&+`&k!@(Nqh$%n5]"0n&z)A7f\@A;2u+:ANs-VcJ^]FRRHp3A7z)J2\
n21i-o9r%nQ"1"0%rm߈`Ӏze1w""a9Z=UhPq*(K(VG1U[uKuSEULn2j\TK	p\*3#
'I6=Qbd"5gZld81ŁF2"=TmmK1@
`
,Ȅ.f&;`*
b_LoRR/k5K=F*rnfnA1OkOQ7,N"00mJdl7Y2"lQ/J
;<
"3s!j/C
|̖D|-eS	*fl"0@4̓@*"0h nd
O-QnbKXV5[pU[\X22pŏ[Wզ]E
84I/6yp]0;"@F8hl
EGk!K0]@DUyi"\kNt ej(1P"";9!ۊ%A5xt>e:lWJ)첕-"0}(G3z}D\-q@Z0G"0UO,ĴAB4 >6R0Nk~.cl7ؐ%ϸ_}J/Q0vW#CgEDw	GhA"0V"0c7h0++'bShulXɾxޠ$;9<bج?rAf3"0u Clio"0pC!꿨%v#jpːF&YKIXF.b.PRp[y҂,Ţb[op@jTQL
Z-ƥX%iYbns?"0?PB;7/,ϏS^5Bo:4Cq-0mWFXj/qC@bRF79Te9mF 8"0.s$~S1M 4uDlw"0ڏ3Ecu>ٸj,Ns-%>I-=40%7QCbj%`n%pikXB(*)7YZP%50ʂȭ5fcy`X
m\aXc3]И@alpX)=⭅aw*KGYrB jZI1fұbEi9Ϟo )4r絿5QDMEbG1FwbWr(Z[z
P0j&ҡL0]:Y>bGVrd 9(KQ捰ԫڂ8eKԩSX.h.WbG&gk5D#cVy`y'`81-Xvbu^PSǂ%XF:P-D_ͩ%L/f[TZ+ir$mY+rp0JUk("05"ABdm/Mi!s؟Q.b%G$"0X\iK`5atG""7(%'A	r%"0D)ia9P__"0	,nKU0չX_""`rKBNKTw~ˏ^w*w.|V|Q&beqzhĵ3"0?O&0	"06k"0nT"0`j^*ͦQ,e/Ls#x`+򇖈zxϾ_
&.,xnc153+=q(2""18PܾY%R"0ApB?%5WQy3WpQ,ֱHz\
ZRU0.iA""-r3˩wBs,Coq7Q'IZ8̙~2X%FHe;R$KdASGW2	<2t;.ђU0l@Rr7A`TB8LC!eJwhȫ+(,lxb]Qߏs~5(|~|d)6CO'xb#>|EA"-"0W"01:?U-Kīm_g.$̱d`}3*T{kKq`\I6AvC;{!. E.N6-\kZe:Y\>JcTE(sFR/3L GHl7d"""(sb/d!LbKa
l_K=4JO2@p+Rn6CKP6S0\W_1A%!2:"0bYJvaR2"0$#L*T]0e	|͕BYY,F)RMԳr"0"
"4";"Dairy Products";"Cheeses";""0JFIF"0"0"0d"0d"0"0"0Ducky"0"0"0"0"0P"0"0"0&Adobe"0d"0"0"0"0
""0"0'"0"04"0"0"0"0&"0"0		

				"	""0"0n"0"0"0"0"0"0"0"0"0"0"0"0"0"0"0"0"0"0"0"0"0"0"0"0"0"0"0"0"0"0"0"0"0"0!1"" 0A2#C%"0"0"0"0"0"0"0!1AQ""a2 qBR#CS0br$"0"0"0"0"0"0"0"0"0"0"00"0 @!1`Qa"0"0"0"0"0"0!1AQaq "0"0"0"0q]0A(w>SRFa#(KoUrʽ>V\EwH9htsuYhh9*xEZLПRutǼJm٧>>.%.؂(s*6a	PbXR!Օ#Zܼ"0Zt<a|S:/]5\<OqvSQQ:)Mvq
C2=]ۧJ[r95%h5رyX%Zkwko@K󛕴t>`DC`'7פgJgc܋I$"	??xm'1v֞u%V7;XR٢tKt\OJK
IggQqՀCs}.M6TG7UkD3䢯
yL=454'F=Q+HfkiʼmdZB)Z\s$C6+aJP(/Bh""xBV=AT+2/dTҼH:$ɕNώD]Xu.tX{j""WyMtCBF*&B%-{􎌫L0.-<HR^w2@$1?#jZkakr-xs/;ePBv{ȿ;aI'舷W'ctxefz$qnTe@TͺϏCcRIf2;1ֈ
O]ŧIŤ؀@%pwU "0"0@}UUc5E):7s%{"0a>""5T&y^@nFR^*quXT-Eȏ.O|\\2iSn""Ez8?dJ$""vw)DU""TQU\d:is/wm\o2+`CYss72ָk1>kB'"0"0b"0~0\}ϧ6a&6q-E65#j}+TL֞7\|a=n{錮
2RLlC{5"0,I]o-cdbr55ddt+ܧ=NN>͐c7.7""dyćy9,f`t,ٖnZK+ad$Mv%^~0w>`Ms\mW[-]"0Mmp${|{g;Z_2?V+;SnY"sݙ\ۃR=vO3[#[O"goE|bm#x4+4s/E95NU7..w!
B1:3(%6ت2e<bhXb.Q90i=AY|l̚&I`Xن"04M"._Spy8',&6^?Gsh±Q֓Kk LիS8]E5'""WU{{;3|n{psDاBkI_Qn7<9.#n.sgv;zS"0pBJthhz2G"0gdq_Zk{y2z+3m!PVU'+OƷ_'"0"0M"""(}co٪`A#Z\)"05EOSlQi+ȕn4TTTO$rꂭQ
O)).hHZ}I)\)0&tQ7dw4AGcF@""ȂeB
CW;g"Uܦ6
DTw"0\LC%@wSCuq*FcMt1PD=D6!hZ +h5NrF@g-"0ݡj-]h҈BkTsM#١4pGZhBTFZE~4kt1E	Q""8.ASJҚ0ѧw/@(jwFWhLTLZ""TRX"^B?a:""0"0_USJ{$W88v@%8`H9JB?czF$U1َ+(E5ɥ<OvZn)NM-hu򃹀4tt%4xOjGrLĴ7uĪ(ܚxTJ"0qWF5ҤJ̾̅n82}h
4Ui䢙EtzCPJwvȦi"0q]S~z9RvFTJsCWi9r<vZ'jk*U6Z*hE
xz\wR`CS]AEl/*>=G~}"0?u'X4M~lұ7;p2rT]O"0?3뿊z(JN@8,ik=7"0?mNA4dËSPlWC6VK,1˭F3s^3W/CBW)"0cʋM/]ڹp4ƅU&"0azbV7[P_k>4N"07mWB(H[ys؟K'7CjszwIB̊1	OUSZ"0inD{.w%4;w0=cP|U?7Sa"cI&FC^srwouyF?z#h8O3"0)IEX["0A}F܁W3"02tٟ?WA{MZڴOamô@M#ܳGi"0LϿk#~EaCi	VyyVsgm D]ꢗi4OTZ:)>A_""svqܥ8"0tjT͕kXG1Tsp~'oup8ۏSDުbH:<5S^c%aGI^oys|CcZܻ_m]ѫK^~J~-;*&.h2kpPM;SV*w9ަ[^r=?H~	d=d#Ƨ]*>dmi>sfD >1SY[`$8ԜSC']od:P T"0.NF=񷣕m-SHƊJ@I(^Fճ[7=]GUhl/S:q*䦴_u[p֦ͷ#p!A-chӗ"#{^٩; f`O9Pu܆隺Mp7ހl/u2)$4k$ި㣽QhM4Ӌ`ݷ4)Q{5`Wv{qF`Tlf87ޚ|.}I>qECWp5x
]̋M X*8uA"0ۓe1ޘiCUiA[RIXE急aE	7GqjvtK5KɇH/3u#ҏCphL^AcaR	;K[i58ѧ
/cL<=ٷ<@+U?aWLsG"s$k/"0?!4m%/""0RJw	oJۉhFOm2HwRj	iE7=$;8ZQ17ÉzcʔŞ iTvN	|VXNXˎXB"0˼O#?E靧鉯ph0szyV&Lw{kݛ%ЂRjfd|4ׁ
Xz-K|]NCdHEp-s3Zz#0g;B+0ͼ|L/aB[/0jvIt`2̶+)Hxd2z9s/&!rךpeߤ!rhkT;g1Teمgh{^e1F%Z2pCFgD+SǸS`p"""jrGEq1U<rIkОǨ%a4V.@v\5`ОC%Ql4@,E:\frv"2(렄N
pCpvJrA.bg'iyPL0?mͩtn<U4tD6Ec"0cRW5]o}`g"0{KzwBnV.X9vQ1fpĽz_'ܭF[!W{B2p{P^ل{f1ag<4CwKwLQLUm""<.R/Vwm"0E1R5#ePO?S	gt!ERBKAj^2YLdY\@SuW̒/1E"껿nNˋ6?rA<h>_$]dGUfSV5"0Do.ݢwggvt-	Ss"0pOA%1^P{':{K;\5:}Gw;#2)aH,նk8?mVͼ9`d8)"0ً,"">'3O"0&l8WNhjLi[Hs.di
xj/BGƗqmFYR+ɘ=a]@fdi^fJ̄Ngeڳ6`tUۿyz2P.^Wk"`0$BvC,x\9vMBӅrReg*\b[7/w)mR6ء	n&Z'tS"0*ћn?"0?!zM"";D%G\0/i}!t2JJII˗._B!\(	bQBWddH1/5}#+TіEWzUͦBuӹ
_:GF۞CfZ""F%)#B.f/XG	C"0=.%2ק3p87Kj2p'Lh`ŷ(p_肋 S-a#ј:JVzT^_tNfebR{s<ʚ&	T4{Цp:'FVdĶ	
ctȮ0E^QN`qm|̧,rt[0PBA=`E5}lAҼte3$].\+h[KLJtq?"0?!3tgI!caV)'1%|sl7m?eD԰zN	m&IOGYczFf2K:=""Bcr&"0Ej5%A.QvKTL9 Jztt1o)Q#8 ;._FJ&<+a/Ez:\XADT0n`(wW15<4(pMQePQ&1As,*YBB,`C".踰g,A=1lőXDu82TGпа!L9^åNeJ#BL+}"[:S"0"0"0"0knp]Zmyk-GHV텤"0	Qkk#k$x""w1+m
c=FǇC-XISY՞Km|a^s\~0HO"0?#&UJWdQŁG^Xac{CJ]{j" WUF)(0`b@/Ԫb6FUQ&,Skj<PB"0	p"0e:=__sʫ%8;ل{jxaROb"0y84BFs)P"Zݹ3}f[
vU帅˴
9\JS1V~/U"òʻjoLLM 4<eLiV>5n8Uek]-_JmmbM]̲ѵiy8\70N#Exww6#%G4_gWE`rX&p.!?R)@Y6FZ)+2AtCa<l65
hfh*"X?EB1	4![bD,BY"0TVQd74{&v*(`p"0uRvIM;Tw57%
{EZ"KB%8yXPxNTTadp\n^mVU[h~]B,Zԫ@v(T(JM"0|.Vrs!JRזr"QmF 6eu."0~.eN8lXfȘ@l,䀭rr^-hzH`e0.QI.Thk7ʚ#!Ă_ <~`C@SM1]~K1@+w.7P=K=	)DLA@yzCj'AzkX}sx`P]%j֣	6^[^"0y
v<A"}LRxZ3I_d#"mVGtUFWjek^;a~X̊Pf3DrjwX(b!fc)Xuv_vKeKޚ7\xblsC戰{caNxJ\"f0
;^y1,%fٖ>]mcڸxOQeaQQgL""`^w
\"0*0 !~4-c\5,ư>`wJ֡(fYt/A_qPa"0c,Q@>Yʪ~eҦ-4".;~: ն""[OoQl9CM6)A037DN #Q6dtZZ\"0nDW3E#sk:Ԟ"FR9:
l;i?c0tFBnt;onT,[TRԉ{!6"b(FSm游i^i~s7I()%	/7"Bۑ"0PU̗F"0`@"^"0L.1ZuKq/E@0`@m"0>&AqFlw@"0u0U"0a;I_EPo;Q)6HUd%Qef9b
Y).QZռJX5c0ɕ7Zfe.l4q*(To5/P!ڢ`r؅EicZrm^tKS%f̅""4&P+s'_O
i_Rڃ%(P#bF*<hM%-(-|ER(B..J("0o+G2Uq-ҘfZns(՞U[+>+Ro""_iO)0-)*sRZ7\"00{1G`k,ދ#Z\3s',ƐObgjיk\ ]s}nf2(z-~SÜBhXˠ~1w?"0?p%1f`KyJ胏r[*)dzQWĠT`0s,AhLa.eC1c2@8:eIX.`if`JbDaǫa#V⏢OE[4L4%7"0<ܤj""Q\YFϝ1N"0Y19itG"0t>b!w;Y8U"UaE"0oqQsQ""J0o1U	'/|<7G&L` 0M
3.A"0qq <Dͨ5"7Q{$p1$B¹yHXAFcs<#%0E[x޴"0)-6@S(w,b%5fm3cvsĦ{3(XM58ej_)S`%hcqՉisCupxZq i<&g?F[J[6&Q5FJA C1L3CqC1""=e&,TbGp5;	iK>"0rS0Z5"0mHLX*=jb]nL̩;&X)Ks1ݥaJ+Nʔ̾Ur&e8CqO1bW^ܽ,%. ݱqf%=K8"0v30bQ2&Ri7`ؕ@Z"0?LHCy E)3-9X!.erGPQRe˗)(>&,2@-X~bm6U;<	Ϳr@U`0f$q0Tm*C.tJ'/2XN+{SY;ҚC^Z
8qP&!fѼ!QŰdp]ԯJ;810""722O쟲(kTEm_)h& fxZw_%_HU"00g?r\!勚f*anZZv.[-*0;M.r֧clTqPKA
=["\՟a	sAL31D3!F+U!L>w1#.ٵ2Jd]&I4.#E0/ =os;+7DPE""M:(HBc?yM,K4h7dPEgw%2Ⱦц`9C<}~Joh+JK˱f)qk2"0ĩl1w(V1rB/e24=63+0]riMx#)aW `:*!'WVͼ-bPL)2e5"Mbt/i#CQZ&;/s*6ԮpM1/ɯ9iyng]w"0"
"5";"Grains/Cereals";"Breads, crackers, pasta, and cereal";""0JFIF"0"0"0d"0d"0"0"0Ducky"0"0"0"0"0L"0"0"0&Adobe"0d"0"0"0"0
""0"0"0"0"0"0"0"0/`"0"0		
		""""""""0"0n"0"0"0"0"0"0"0"0"0"0"0"0"0"0"0"0"0"0"0"0"0"0"0"0"0"0"0"0"0"0"0"0"0"0"0! 01A""23$"0"0"0"0"0"0!1AQ""aq2BR# r3$0bCS45"0"0"0"0"0"0"0"0"0"00@!"0 aP`1"0"0"0"0"0"0!1AQaq 0"0"0"0"0LE""H&Caz8΢c$ׇ~[ױڊܦĲf>R)E$y34t|>dܑ;V#ʜJ/SIB;+}""H\GXO7@j@ti:kQaphoY\iN)#VԌgQq3m*diktJXZIv~TШO=Z"0Vj%"05=sҒ'eӼHyõzoр={)3<VK"0eNIF_Κm"""݄{Jˁ ;j潾{ ReN:IwNpg6$idNDqnM+gHRdw4=5[$uI^e<"0&WFW9"0=Rph!Uk]iHR0;y_zےmʵ! ND=2ۑBֺ""raūz_4\C/NE}"0sMFn\ki۾IF x~eaWH+3D,MFԿ:H7S^̑jȍu9Xf1~q0i;7fw]g6qƒsZ.Z} WG$nLpk+y5WVmwS!WO-N>&s7lԍ˕ٖ'}WŁ""ܰ_ӵg5'Ym^\Ĭ=	"0"0/|vLnO~z"0yumMOb~sM]c;O!`|Dx^cfjWSn%5RǱ7d7(n%yDd2ԘHmܳ-9~/Ӗ6^5b	--hoTIl6^'x௞'^}"0U.V
sy$Sm %F,ҋ,YL1+:̆ϣw`lAwbkIE^kz7/m2"|dIC(E5Ge>Sm٨=k{%fܥ.Uskxr29cb!"MLcG	[vZuc/qp3C*["K
vE,Oh}cL*ȶ2\dM1:*@[Oq5c.i6A[q{Ўz3?dxLM""$ӻ%9-Tp)kW~%-ѡUϽV:q{U5Nֺ}%ӯ,,ؚ,
a^}|7Bgd``jj`{Qa5"0f#K]m_aR
G]cEPZ6_TM%	"0;,ڳ5ep_j*Էz(t{Io""^hca'%b2z"0SY:Z0[/X"0va}
ЂHÄ9;bӳʛj:ٰ,W3dlr5Oko4X0عy0EnFeMG#,(_א1z1jdljoYm^3ygd]f	vQF/FOnڝlYKabeB"0d{86Wڪd,h$??;&\&:b7c"0"0"0@'8	ܵ5wuWׂ#2N(!7cY	v_!O.L]LOZ
8"0BuyXYE6^rZYXMe>ky<4tFjkWbA"0V>6`@p)"",q(59D\tAF	94 ؼH&7`&#Q*7rv7""*/+d)zr%Yra'ฌ2ZgܮZ&'^;CWoU<QXY_ڋM^<9	ad17vP]Pz]ڎx S?c?"0"0x"<0zjp]!cB	蚊 !Y}b8crYT(Â+p`oL""'!U"0dPz9ʐt漸Mv.a8 r܁XDŧ{p\rhX	Ì,,Oɍg|yMr1&=w""~rh(޻nhAw""rk8'D2ed 9fS
/8M&,`:Q<̬5@M8sr{PN'9w IE1˴:(+ecZA
%[a5P(WwFaaB(K_Ȣ"0?bB6,+#
r5VƃRJu@3"0?d50NဗEҘyF+"0?h8"F˕wpH+CW7y}u@NN_ݎB4xƓP=Ժ!|?i;	ژ"0Fm8e|Vܪk]5ێ8
{nLm%K׵w"0fSu+g1[GU{4ې-C_L$_,OGk*ov;)0]D?:ذ"0xnhBNp<F]A52~i^*7!G-o8R0-
>XA6>#-/.8֢.M&5+Ď<M8<(tȄ+3SA(DQ}8o3w5鵵0ng]	ѴPݗrT"ss|0}E-ȷSDC=Z㝩wHƩmӇܿ̌>Cp/cL$;m˯I$eWmDêkpxpk2:MUmt""ɇ;5FH_H3_*Xь`1 |!i%d-v;3NiIMp`Wm-|鑰Bteď:B84;d?Aǟ0F$*}dVf5؞=AyMαAwCyqZK1K"0V~"0ltkE7B(IY$f0	%dصְEg$( Ԁ8Q"0ak0:5t9
2mEDի?KPAN/Kh?~~u_WFaCtm5UO6R@JSxTe
xђttʖaČ_V.!R4Y^؏m|n952n-F11%_[_g;WRwwH۠AީNGNr>gʺّ{XӗWI.i msQBepj?vH_k\>CTmmIp08<""Za8[;wcng`EE"0+|Ǘ
X_W[2Ƙ]3"wc5^\EvwgUǯ#[ȭRX|kڎ8|Ze
E0=υ8]*^<7؂NԎdKR6WN94""S~5e'iά. en~Owf6"0v#՝0N=8f)C_/r
ʂeU1ޭǲS\'Szيϴ:gWwqqX_*'־_YG]Zn
:ItmllEHmܓ8@[MʫvF7f΍V/}C4%l~V|n'_v_""i7;{jGVq	&oYΏAUǳη;o$L.aun#ߡ/B]^"""kVT}P0sV4o{
0k?Qjk!i4$mk0mlqNkm3>7qSmz`ס&hODI&Sr;R1#ꠀ~a]Zn=cEi""ȾۚK/Ӵꀠ&Egk8gR~c"|h!V/"v!ưxS"00Tz64֑߆e}֒s~8:u|NL)=;m1y[U""6cȊ++.l?NxppqCNw­0xWsOklBI1U%ʴ3h|
F!3UIɞY뺇K{k,zAbnՏIvQkƖf0`|ּYQVG:?"0{o9̣Fѹ
XglȳtK9q+"05rg/Mh"0(VAm4""qr`ux|6{Zܴ""1ulJQ}XVIlAׇ*ǝ6"0_2"0%+B>jZ%\XYpy^51Tq78/IJeuIE~7\q"2|Ǟ;ciQ8az~`{""=Z,rƶvCG"bo)#."):\WCU/A0W"0?!KP%q2)ycaVoYE}.Jv<,#՗B7TQV;J[X]%⹏:<],Y()JlZn}0WOzh(q9Ŵ>"0<?EtBW`놂;p{rڅ',ðEeyHc<ՌIJG"0?qy8%qI6K

k+Ե"0?	p	eWI&C*\McV#=<VգaIieL^~
i&JĜE=[k{Uy8Ė){;K8OϽ	sjVxg_Px_yZ<"0X#GYf@9N<*"0iNOi[#s+T""GeWpQ]l%K$	"",&zIVӏԩ{pk"0l4Woz/UKytPmp
}T_"06|%a>/iTкgC{+ޜCCgѵh'pJ"0-Mj
'x{"0FsU|_O.@
8JFG;ק[iSMYU0 E˞g&]tOpRpS͒sgs%&Q,8%$O81hKks;(|ntĂu>L7Vzqėtg&Y\ZwEm].aSc»Rι/*
:t^ѿLZQzCJ͎`9`xaMİ8m-ASGP/<"0ܝO~>|_$N-_/g.Vní=Kk:5ئ#kDx8hK&olZ[}}g@/sP禳{¼ڎYMKxO6%sၤIsUgUH|E"0|N"""0Uɡ9|_dWzˉ{?3?P?#
W>԰ ~ٸW=\ˀ->v~j0Erb7Is-mo" {7.1x	jiiT^kw8GQ2_p.V`q%4v@qހcE#:LC>F{Ș>"0b
V_do/U[uҢ\x!m6??֦=U52qp>m>t:xgg<D*O~gTZݞZ@=-uk!ʺKyj6S
*wrvv"0fVQO	"0[w"qvq.uDRE\P#\j.%jȣylʑ>"0PD8."0sb6;Ely<4yg]n'DzV%>_e{+cČ)!smUj/fK|3JW~ɉSۿS0yǋ@oy9hjWU4Jkhl"0z!To
owFSNG9+Qr{5[7Тf˖̵zstRwŴ_.d:;hٿ^,Na1"
h07G# U=C@Rs-oC%B-qgOBG/1w}Jl"0iS_]l
i B"0sXyxΐRb<6w'yݛҗބd,ov)Y22zA;UóeRvԶ$5PM)UGXARlG1\ m}2i(?In[kHgWMՑ"0?!"0%0rM8`""$_e"0?""[~Y:3";a_[TN""!/"0P\E6|KCܨ)҂Fzb-;B%uO|Nc>Cay?G.],K#.9LN9JmF
+e͌
9P~yq`Q\?,S3F:e""iIG[#?\1_"WWLE̹<8[`+"0ųZ;cu7};',eT)~%R9Ҁ-@?lBFmw6D0|~OR/hs)=BPFqHq!2]gj1gyaW#BFTGM-;¾PN;sD%>_Izq?"0?!"0sK;5*fԩ0WQ˴a"0sm#`,SʼGMj=lR6]To8?u!=KLcbDjju|З5Ѩŏq(1jZ(eM|l| H"0G0~EB`Du^#Gvsb2V.Tt3k]l
?:ߊ+8Z8f1(8ʠs(CnQD3)S7pe|?#kar  	̧~0ӴJ"",.oo0	EOKp
f݆;,(R̳A(L_ӗ<.mxa220"0s]xu8SCܧ"0"0"0"0I3$$N*	$gǚEƒ0iJk$WOٙ!c><I9싰xD%`C^Xr~ $"0rR[84ZlE8{~IO"0?@-jk7Y@ڕ)TQa"0ZK(F`2qf!"	OA'&A\qSJ5wPGE~9P%N1Mwm!9]f\ ,aAh\KTb0;|tNA: {.i9˞xdm""#VKUCPH=nx/QPsQ~`Ћ[V`ɹmU75Ԫ"usF,p(,aӻh"0q{x
bȞoEo9ik-7BB4dDW""n2-┯,}Eu52{\44~lɴCaF^cƫ>|JځmDء>&<5)A[RYX5]p,Wh@|EڔQA"0˥sV-PQ਀[ajP\ TGyRݙ_q90x\_8Xq$,"0h"0"k20A\&Q<}<EM)ZANqaġ(d
چҕdqj*lƴZc5J-93óAmP4"0Z<aRg;ٗPGlG`XKGQizBfaNV_QE[NfMS[V}MF#|y#ώ"0eq)PHRQJÎwC+`"0P޾CHQW舗N3J}b܋vS["05Qa,4\?1|:$Z=°EcQse<7Ś-DfPꨮu16pS	2JKG^!*~P"0UId5v*)5V	,U!|++g6,p
ޠ2YRJ܍[VǥRZ8PVPڽ\ #r
lZB["0UX"0ZxMr2;L""YUJd"0ւ"",F'AH@WN` uR:oI"0XT""׎LqZ""Z.%244edzB8V4]p1Q8]D"0[R@t`PG}-za*5^!XR?2P4;{e6 ""b
z"0xc1_*_1	MQq`~e"0o[}ae8.q	eSd>Ah1'fbm2gm8!aHl.Gi`Җ(_H4  CDTf3n#JvuH_(FִCQp!4MU
EAJ71lht$RvSNq:V(ձ%;""'\B(B/coՊ3yEhJ	VҔաlsFZ4VZV""Q\|]JsrO΂貴Aٰ,˓FB)aB<&oN:2'nN;mLa@#z%X
]+D<V@xs0WvbAڠHAd
RD~]V[j[sSuva!~Wp4]fmxq?p:"07rlV *P"AW-e*)^g2>XLG1AwtvS%"0m69W/BW6;PVƎ6pϖq(+~fsQY\"m#C(FeaP
KTe-m.m*'>U ?ruMPc}""Z}MvP?{(0R
mA]BEbhI*ړdKN!X-00FVX[+D[,.ݣ|KX)ss1͔՞wz[ϔP,|)"0ǹX5Z~<K[3C+v؈
c.UdU)逶Dl8hg"&`p"0pGŪ:LzO(MHaɦjW`^*dsi"0h
""[Br

C J!y­U*ܶҪ;9"00^"0HҨi""$eG`[#5G}""&<W?yT'^acڀ	*L 1󠱻U6["Gi`"0tbiksc"02ēg#Q.sf@-<Vq|ur(;\DU""""0(Љ+Q|"J
{

;wIJ-*i~'u(!,hxqG#5S8eb,41G9*bŔ2"0uZedU%覬-)H|\K2l:]TpCre@5[in"0?W&]s*S40QfqjĦ[_P\X`"0P3G2?\{L|"0ʻu8&_9
DM>"0K[-B{DF"0L+Vt.Ŗi)	/&aa)ri"0ܧb7sASn0T%"!Kt_=A=9/Q-]yg186}$D5-r.SR08"0["0aYU`QxTdёv>|6:Ɔ4sDL˽L8"k"0Ȯ[@=p"0,:w]\s
b}C""cHۍ*9+fX6%Yb8bEl,ώe,,"0<օk``|8"?)j
U1Ы\(bMh!K)%֟ܡA6.kg+"<J`HCQw{Wpi؃:UN"0XҟWmKu֟%*Ѩ,ԣjRPŕ<("0R2*nCL7P!}@"0"0U2KxxKS1QNH׏h0Pٺ}|"vJwx"0,U\=W"0\"0?Vg.Dkk""0?dLAh(J""="1²㟯	JȺ"0"~e%""Q98%(Ny"0*KBfbe|Buu&EXN
,>S+D8\P"}YQNE6xO-sP)("AÈ˴bD""/G""sy
:9x0^bni(j;cTs:A!x|Tn	%zMvSwBMsj&=F"0t#ȗ4.ȗײ]x-Y*
ǈ?"ķpfˀg-[%$\tÈP""qX(x? fea28|4[""mPkN1^f`-5.iY#RhTt"0XKT)e\~]trJH,U`h6"0|R(!R+QrN?p[1mp&"0\CY>v,/Q!#o*D+%3H`<+T"0d&|"0*X
v5rIG(`}Ciyd?J?cLGK,PTG)uF&"0"
"6";"Meat/Poultry";"Prepared meats";""0JFIF"0"0"0d"0d"0"0"0Ducky"0"0"0"0"0A"0"0"0&Adobe"0d"0"0"0"0
""0"0	"0"0"0"0"0"0,""0"0		
	
"

""
	
"""0"0n"0"0"0"0"0"0"0"0"0"0"0"0"0"0"0"0"0"0"0"0"0"0"0"0"0"0"0"0"0"0"0"0"0"0"0!1 ""0A2#3$"0"0"0"0"0"0"0!1A""Qa2qBR#b3rC"0"0"0"0"0"0"0"0"0"0"0!0@P"0 1a"0"0"0"0"0"0!1AQaq "0"0"0"0/*V@p|p
"TzOʁkyN?%zU'@R3[Wm
QP=NҢ,ykb"0C[
޴jT935%|gCKgBt^FyZlL&ȫ˺zc*éi""%1Y|9 ,e=]'I""\gff5Q
d0U""ܴlsw2D\i},R7胺/?tZ?hCFSH%"5n;:g׺ɍTC/Lh􇰻[(fl2exc$^X>1Mqo7r\5nWO3Q=
H͢t1͉	+PQ$r6뤇YٗقgtwH69A15ئ؁,OK՝Vp,]C<0"";գEVz4k1j9G[KΎ\sA=,wt(uΫ\!У,`͐ʎQطH},>;"0t8)k|58trfMOB`iduШ:Ye~""v;#E4chyPY̼PUn1["0"0Z
:"0D3m3lP,D^_<N.3qrI3:	yk*G䍳]*%eu5..,}!3t2glr-t"0Vq󧖉g)Y_mmnV13T7L"0U> ,QeA'lll"02M.'1Low+&կ
D"0
`:4e;Bm`Q.\/#~ˎT0ⅺvqW@
hYI2.6ȕg.DYȾ%IETWyfK:*),{h[`Ur{<ځ}=nlqlM\þg/8"0W48+pŘZl"7T[YǬf'#AsUr"0I"0EYPMwqītkUi7VCZ0],Tp[ݱ.h_-@s˲OpeEeulDE,eY++(]d@Fn֧ﰗgZYrw#ԕ#mJRU8&YA""'4jX/JQ`].fӍ8tܕ2{5\LxJ@Cȶ8]RNU.Ë	
}a[;긐"08s\b/nT>c"08mUxҿ/"0"0tp&o3tN&Y3:mtϣ3n!3f::bmsD	ѥ+Ql4cL!+5G阽uȖcJϷRlElO҈}3wh;l0XtW9""á:*	@&#<s1th=n^&fgq, 913
Mdfd:H:Lb3(&=C@ff}13׬cM"0&0gx~bf-@Ahm]FX\zA"0"0B ML"00E"fb\
#kI"0Ь!uJ+h=8N@4&a:=""Bm=YИbYa̻ky%L'0C*Mt004""/Y11lэ]h4@њS7Fh϶;gC&aA63m"ݘ͟I0h4nt$	OYbvnf""Dks	57ZYtBtia"0?Z׈|+\d1ԥ5br"0?8}Oφ8"v+"0?2Vc5T9!sܻa]WQ*βRݞ/@H~(DOjuT]{|g)W+|Ɏ~uxT{"0qQyDXcNav"""vte.;:^4(?DCg4HRb4Dj
52 '(b^p'aoz6	ܮsP3 	nڜn;qxbJ$8<N*cr]@`mܐa$3T8 5Q֚4x>H4
Qw9si,q̮3>9+1I7䭅?5VhG,A>
o[r00UN
gϽV'ӓ~8a?&mTwi>hώGW""*""U̢N\Qכ.4h̶MV
Jݬ̭S_5<>+!Ȣq#4$Y>HV\"04#f(lP%ԅ^U=@)zݗهfnP匀B>]E	l߱Z%j ;ȌhhV2!IH rp8/QpՋS*h<&"04GfJ\q@Fv"0
sP["09{t#4kl""d=X!</D28!Vq༼Ro{?O.h@bUunY8_+sU>ZMϊݕJوDD~P	v_WU#(Zp*(BnWziI@y^Q!T|.)c#j;^ dͱ4FV8&n
"""*Q׸i<J"0j*=\e{}y[op769v(֡s@IwFp1fïwm)MF	xZ$8	53TcP0-K,2%p^w""{A0[`F2[-<,
""ҼQۺUNSb<iFG%\ 1d9qcR]y`˵U˭ZG%0?XqJ"0ǉ6[*(|eާ"@㗽F_F*;"04ܮgChnܥ"0]ç˵#5πGˉ'(wԅklK=e"΢57Q8'ڎcz7~l>[?u\7oԧl>ԁLԣ'hNyy~tW"W^vU[|4"0[(X<P~P;gP#"0fS[Z8Cngș{Wݍѷ<SC!K\}w=yܗW""4iDC"Px"0?!Ԇ.`S7"|bÃrw#kgE[_i`VeXOʢ~&DK^KM~e;d鸺a4ƹˑGwt4}PQQjc7+p-"`="Y"0dab"ÓQL0/̭שCD|)Vh"̰'<Y<?b"0N*~e9rb+@10Ĳq"0oZX9q,QEn&Kd"0]_1e (#we7,P]nPp5_ZkZbAY/^;kƣ<2T|\h49s'"}FUc![
=]j?c*>KŎ?Skʔi4''"+	?~fWp<F%Eα~ES`VlO/?6W:匨$"-~/5xeáQL.<navk1ry:Pb|=o/dNK (T5ף8lT6{je(aɧb,]N|,R~u(+??EE"0ml(171`*`XM6+3(Rtu%+:A!J*{WgfsP҉ahud8rl86A?qIo'"ik^~u0b,6"(Qt+bN	2"[KʶZs5k0v5]MsY%2
3Ya:WU:ѮR1z?k;	P<2F;K
8ҵQT3oN.g"0"0K	><@rKrxKi!I颞ZI-nw<Xq++9^Z3lf<6!43NQb?)f.^ι\NzGWHevS-L,Vҭ;.d:><lvy~.Kq{&IP0{X6~qؚ̫J4:ȋkRݏ"")0k)~-Um0Oj"ۅܧf7@S?5fbf[dU"Lؿ "0b"0eNQ^K Uk2b(
Q128#4m{0!jWB~-05X?G'(A;"0Ukڥ?FܞZdaM,5\[ƁŚxI2"0eĸ:x_lYʺZܻz	\1|oyd(P=3h/,6ɉx9.;u5߭|G`:˩|<_#ލN.z؋ԭ[Xktp~^lbE\iωUu?r*Kesdl!#Z8mimU0еɗ|D,q@5ֱԦ̇B+RzGmN4@Kۃc}CtXC򻁬";_jQ!<p\c16qOdڍDrΖ..4Si9Z#2glMV[[>nB{H]AnI\KTX4
 Ê,gW	p,]>Yj%]-Ҫ㓬KP^m-26+Mʦ5(DN^A3n}KCULlwiRUL!, h T&mTl|GAkLD"09p?QZØP5wz^d:;WP"0&W[ܵPh݆P	E': lg"0+(x!u_"0?!36 zǦ0%:wyx^!+K&lGu0B.P0*_RUz8L{0g^a/Zu@0|!D|40"Np
0k1M\!5l[̫L=u0WBFZ`i~\`\9ș{*rz\rbPX@/g8Bʏjku/G	Kc<h2G[Q=hl+">z)S5Fڙ%>PsIf^DWTZ}&ex@0V[$S5	zY8s,D-\82ܩqE<FoA[++ :d(ɸXi|)skZ8b!tq*RJT'3"0?!*\M\~eؔ%(""Ie=K'Gf79[-VGs6*T%ҥ8+GcefČ-bQOXjd,DFݙgwD72hX3&7wZapO^@@Wn>7qwq\@ǥYs>w蒳
@\5FSv1*JF"0dY_nd0̉J8=7.,`M
L2|E^h>7Lj:}""m/(12Vw"1""у/љI	zKAz@"0^""]QE1*u)LKJ"0|yuozPĿ"0"0я"0"0"0"0#L#o]L"0(<JI5/`K܎Zd{_נ]luHWh@!XiO[rzD|d)-aSXh{'y	DQ/"0?\E' g9*.B]{Ʈ%լY,5e.UיVsFl[ܺ#wܱP(ݝ9!E,{"0е.!""f,/[>͞eM1W8bf pupISK>%3mv*!{H.&t5QllL`h1+ӧVTmÚԙUJW*|Kb5T]&ZvV)Ay?PZ""jQp`1	-ג"0Ī^YmnՔ_k:ZطJ\dT "jv-j+)D6Âuo/!peT8xM份%F:P$lB!%
@@[FQju~
g,Ana[!}sU`j+D&Za>Ұ%
n*Q)9`hʰMܤ3@ D˒5q
x
*ݓ%Eಜ9#Ziw۲m̔YltM$BZhZ.r)"0-k44}nvv!u	<ifۦYfr0mqrgX้Y$KgXgNGJ61n1T"pJl
)=H;"06K-2:B3|qga`_:Q!\T{&1ZOipU"0ʶ(E6.s"0`Єi"nZ;yK@b<k*oOA`V`=Y^LFi+*/"f<̧6ʴis?5Kʵ.M#=Oq	Z,L |.	yyswF^ʯZt2
_1(`"0\صmp1\65ŨGME^(EVʰiFڿx79eٲW\V"`9e=R\EgsGUVa TR+bCM"g+XKh(F"w<)K3cV*"ؾ@sW'""tXVrF^/#S"-.QZ0L:a*4,5TD?
#k6W<{_VIYvVrC|n^wD7*<az&0Bafc5Zq{ujr-̀.0EW``(g} 
D\Q`]0o`uaTpNh@"0p|ec:A,_Ԑ*""D*f!fWayߢ(w+MRk[R8("0ғ0e7ZhiH9x,J&p<*@SzV	l@=2ݞc7Gjql"UU uGpj,eS*\@rc)heb[SW}F,^	
\VIF@rkunͭJUfy%v3Gqa'ah.Y"0(ZTzYǴEj\lV1!Aƍ:#++]3^`Je)EJE-"o+|JLn3XP[7JF>mz""	»kHdbd)+4jd(8h
CJ{R桷qp Ev->(,fQX,aWk:4jl&y9>഑tCL"0!2
hVdBa^0ySsT(6IZTt,h	hPۤ)9L	SkǛDUkf	T%@#&ie\H"0""9UptJ*RH j!t(D]pk[/7cpAfw	Y@2oIooB^rŹEJrB7.yjfwd-EHi1o.1A4T0br-+snuXXh%Z\CG)ģa[9M4ܣeh""0Tĺ^1 p6y\"9$U(`""T5OgM߂Ӑ[[R&ǭNIsWʼ(P	U"0yMAEe4fQWWd|X+9x"")^BK0a*vI_Bؠ+8XRE[p(
KLʞ%fQRz>]7"0dD`!bnZek@kvTiQ5y,p\J@imy/.:.ԉu\"0AGpCjQ[WQj灌vX4,*-Yw@՝!=2/dzWBF'.!ɇձhIAvd᠎.V6QQ!WJCLm.QepaKbƎ +V0+f.b%՗4*(*42!+21`яY""1&)!}n5ig)juXq4Q	Zjihꪘ^="0?7fq2tnS[ea2c3"#ƻEaXr\p!`Z2o+*\o_#G>e@UK9?jQ2G^""$u
*4=(Kl\LBPJaDLqse51B7n%72E.#YC0K+㙼Q"0q$"0ROM2 CU>VcA2ryl7&cBBH*b"qW.QѾu:c0?ǉpUp?rx"0ܴ6W0}$c繕BAEÃWSo8o -H!äΠ"0y[:ay_13No۩AR?QAɿ\7u %!_>Mp+\rS<%>51Bf3/%?йrԡ]Kp)tp"ֻ߉65A3"X"".K8.	xVyޖ[~'a9|_剆<|ŨKLo-~eMܨ/ql}g[&V ܎aeJ""!"0%7
?¡b]p$;fW(vuiK+}j<\3$!\&@х`ʮ
K3nC3pa+BdEPO-gX3{32Ő.xAl?GqJuf`fg1`9f[Hs:]+QikdV3*\M`!JʎZ7/ȾQf{B""P}\WwP
!zej"fP35qgȯr?"0?sң	c#"CN&M<T%Tgiܥģj&86lVDiXIMV}%ǙAKFXޠr%w,{?ar%+=m[gkQ6Ƿ,VP@Jr{Ld 9Lw-KR!.U+k}EzQ""Y:-	|e[4{"_-"0yq
y.sQDF##1R
[ϟ?bḴ'S:@2\[p7w/EaODw#a$̬J@E+Ġ&c2{Vf#5t,)]Y@[|5n2}ȵZFUaLlETɌ}	k\u?PzKY%9<YzsqPtlhQM!ĢR4AmaĠ5+18*ψQQ	HE%{MDorFQ[iRpLVg}Gf^ى$s4MD8#0kR%0i@K8`!e;T0G(8/(,d-`j4qj.haqnh&.egidb3(39X@Z|?kٸP3HU2p5@*8].}D/k:l<xq0B4heǠ$Jna1~N텭ʺÝ_"0bHA{~&V]sBV9kSL"0"
"7";"Produce";"Dried fruit and bean curd";""0JFIF"0"0"0d"0d"0"0"0Ducky"0"0"0"0"0F"0"0"0&Adobe"0d"0"0"0"0
""0"0"0"06"0"0"0"00/"0"0
				


""

"0"0n"0"0"0"0"0"0"0"0"0"0"0"0"0"0"0"0"0"0"0"0"0"0"0"0"0"0"0"0"0"0"0"0"0"0"0!1 2A""#3%"0"0	"0"0"0"0"0!1AQaq""2BR#b3CS$r 4T"0"0"0"0"0"0"0"0"0"0"0!"0 0@PpQa"""0"0"0"0"0"0"0!1AQaq "0"0"0"0~Grt"B,"ɾG(ک?x=}GzMܫGF!gBDgt:x@T2=_fQuzzCsзBGVk)Yw#2xwܮ""h>W+7GeSzB6Uקewah;&'v9;v!1j62ldDQ
iyZ9:8O"0V2l8lK%Ʊ+Әziy"0>[<,*Ld3]JBԍZg,]F%0{/RܺD.xµw%L<n1yjVquưĪQz&ol<l~ǲȍl<8؈FZz+"L*D9GJ>%N4=+$af*)ɵkV[r_׻_clM^icظ :q~_/׬зp"0y:(R""OVȬ>q$YQ2ݰvfufp:zݚrT=p(1kY\+S`"Vs:s3O-cN=ڌ	ZWHcfڕVE3$٦C:PP
,g_4	`c7"0M]6k|B'f+K}?#RyF,I}qw"0"0_<4{*ΑG?c?Kl_i;"0:h}1PEa9ISsֆ!{eZ__Ʒ܎-ma"0BGFFk.,N=}[""_BvkSyЋ'g^Ynl[`xL4;""`o%6ؽ$5evG6m/ҏϲc_oLdܯ5mN>^SOsؼ!#crN+pڳ5QHmuõSG,4,on[lfkǳY)Alk3^i8i>ޟe3Aشh5Y&{FR$-"PO>,SqVOY#}FhsY t9c7Wʣ޵*Ӏ[ڲܴ[Zlպ~}"v:xEbZq,vĮlXR.mg"0jgرњ66o9wzڭ`WΒBVr/}O]];OjuUTwzmķ
6q6#1O'6hu隝D֤lg)t`젥}7chB^qO_2ju(?ꚲiIv!,Jl~kl[bP{=PoB##,nX2y.YpW7W)mZUsRM#j"0Iյ!"0bޮdR`H$k6*$S$&]*PPK=#<O]k^<Y}1IR$snVs.:7Cq`88242lP8jr皳*in2Y14C[NXW׉${uiѺ+CۑU_zk{6wMpxtnX~@idngW\Pf	훞"0BXd;}YmOɲ/Y3"0"0싑MࠂuYOe@?`zt&+Т2q`%=wEYg@Ă?ď1겳fjkëZ<E99`Mq(2aM!vA"0TnˌNrcB)-V@N@qA8""!a6Rk@W|5cVS|,"0wRBaYyX H.ȹ)z.HPrr?>
e!&'JTx
[[AMr<BoaacGbDaN]Q)NMz(""WUc2c?)<8Q"NC"0"0]SQ(/Tw<q@rQCyaaZג9]^N8CkT+u+wX(LGеg''Oh]V8V0	H|s0ed,2:,Js<xowM{&"0,aI(<az.˺x!gu]Q8E{yF5><,
<Н갚=8wܹZ%^GF9)<, ;0x-^N
<}-R8+SB)Ѯ^{z熕r/
s9@VHR7s(yvM_v8w?"0?(""Ph4w)m8\i_Dˆ(46/"0?b{(\[4n"0"0?`[f7Fe3O}wEM*"C,%Nژe*|髖PTIpV[Wzl*SdDf93쳳27Gᗐ/<}!nZҕ+""Hٚj<Ds'J9Fm1TFҮQ,_f9FCj%"0h UlkŰFl幘1!`y&Ā't"0!񇗇]ѩzoVOL/Dφra|3i*OJӤfK[WiW5Ƈ]|̌aI^""4-LԩJfs;cCU2vJf5ĨEDϔf)-=sctmc&D̲cxXceZymiF1c#%"ed#YF3{c/')1ae@7\Ԕd6P[.mWu>/uJ::ե$!W""-]//tTח]N;ͧ3%ڝ`dS7b2[ 
Rla<q+2>$JK耔K,K7 +e"0G 2TI=hwp'"f'(a2]*j51Q%AVy?Zԋ`+(xWtN9DEFx!rOqNizw3	GZC53l`LeRd4}""Lg^O(Ο{87eFO""ӄm N]mhVyX|vYU&~cd4XAuRn""`q`4Ehu4)4	ǩ"1%P5ca~MTQNP"0X*	0GTY;,3_sf
S2.;=%l.wE:M#EhX""y9LIFYA!ٮ==梊-J*R[}""AM쌺D0TٺThKU-~)oHb
b-e}񖤿.^J""Ff6nXW0e(n%W.tN,':5⥇ah[B	6FdNl&rl,&ܹ/&p>{0*ү>^d7VVktPn@֋dS/MY"`~q"0Od;ԪHl1SDu"0#7ݙqmBU"nOgNa2~0SPD|tg˧{lfJ
g4@JaTKg/t+Y1hlfd]>SvA0ͫ߲%(C]M1j"0*.n>" aƋ%^i1ipoCF}VQD@;ԫħj4vF""0rk[*4oRUimkyogS:W0'Zp%g|G7=ldlxQ2hU8&61Z	}QϵLI[#H5JmoاNAn`֩IښIbjd!=:m GXj"0[K"ғU+۲:Iiș}GAFjqQO]p7ĊTJ,E&V6l[|i"0<X\ǖbM~ǚxD2)he
Go	04ۘ3̟mGKrDf8D|IdԔN.tEL!5	๠:48F(6jY+"0mLe:U&W6HE-Z]'dZ
w^\V)נFJ\*0'W{eVcy2Riѣ oEJFmM9hp';pjSDKJ* RSj.n"ECrөtu|igf%-l""*Njpeyﷶϳtr!8Kswa`;fgUE?$l3g*`q̈́eAգ>G2RDxmaE=P"0#VF鶙pdxoO"0?!]5¾2vU!zlSV
4j"(˝+ĥZF8
r/fZ""-_w	p~·v<@|}䀀߷}5'}+z`7Hξ0"0g=d(&Vefh]2:lш}$LtBݶPaam\7PgJWy"0Q~|J~lW)6Yf*÷p{/F-Dr19PA{~`FJ0ٞ)Ŋ~g^Z9&ٞ4:p61`T>m"0:!%JʋꇲPuUƾ%&\%M8RҎw=-U"0"0c<_Z<
pe[NV?5_0zrc%5`oQ|2UjbЩ<W8E*A""
8@S\=/e96[m`yh>@!L`݋$BU6&^.¥MrYKUsty.0_z{.*Pk%}suʹϚh9(9^HUS~f!*\>.qoY"0(
f)їFOxH嚡{ -o?JEr:s`	WOGͧ?>TQHul2<MA|~Yj+Żhwbɱ྽su0(13o/[z39ѯ^~e^Mŭά}_35?d2{}X=\,8iၹ0Wnj~˚'U8La'm_z<<J})0ѱ={BpZz'
-;]o8-'(+r%@=-DNYk:^T-W"0e"08TPK"0J"0%XW/wY<B
gʶ
moG84"0W]??tGԕ+"0԰m}
b)q"0yl#"0Viг{T⏜	]9-u	A7"܊-^n3Ue(W9	"0=$]yb#\/FQ7#T_Ztr)e"0C6mc$Ocr0NXV׉GSxyOyTƪ_oi}("085.1:GwmespX+@1BX5U%b49(|كc0n\iT.8z
m0s%UW&""pȸolG*(z׊!0w"0une
)~U""M; |?BG'+Ax;,%xr(bvLQ/~J\%<%䕲_xe/nvdC^#{գE	mۅۦNLt[qη@#^.?$\qPx/
G"A"0L}W"""PS^Mi7}+wOq8;ơ:`$Wiߜߙʉs3eJL=!gtY	ٿ:n~8d@6:u?D=E~PG==aiı
v"0r"0r3OU& ׂ_V֪z/J
ǎ`r~"0x"PD/%sGaQzTGKLQEo4ECC+YNA咝Grwpr:甭>1PS"0?!	(6w8A[4£rSP:F-Ⱥub+rN`T-qgu)VZUI(ǉY33&CDֈNs(jNJR%@czgfO*&W*Q///c:\XӉgԋYG
d_[fƮP-Ŏ	1Y	Dsj8˹G"0V@Y\5Nοh1T);w~@PǙf*7)h0n\ٮ ~aqyBq-/ZG?!L> Bg=5"0O&1	f4>*b6<Ū-0`ʧ$r(38LFP-""ԫ`%n
-KKv>%|-1eRаbr<AQ	c3{4~%IPr0V)6eϯsz}?'"0"0?!|%DrHj\Ժs"0\yR[-@""N{/~IS|X""R$QغQY_5eCNG0KJIrY=Ҏ>ǝ(|OQ&q/~& PBoGZbY-|$BaJ^g H.?L"E/ʆ""xiq^l}A_!bৈ4Ln%QA46nrmBy9 K̄ahqQ,QĿ8tʟ\?s)ER(鷩A*%-l圠UÒ""E|/gR3žMI9dldݐ8bB`͙Kl|L[>p&|#V_?U+C"0"0"0"0jΓ0	+_>q"0|&PIXTi<R`3f
*%vt57Kp\7N6TUC=fPd70^z*"0?#E"OlNY"wdz+KHbגQʌ{~zWnZީ^FYø1 -˶E6h%{"0ڜjF"01^WubYltCW3sFYl%kśGEK/@Pp6U*e532>$2EuP<qeIۊۺ>&"0
9CY7},8΅f\]%__{]TǞ_7}5(@JLɈ"0;j]8:˷QKU͛8?R-E)N6mǁv:"0;"
<M2/":ز;AZz]&Y/```P`PjKǛ~,"0,N2Ro<9"0aI"NT""K]'$\"帉ySj[]a$-69""FՍS]T=6eC˓0KQ,$EZqby.7U|q!_kFrgpNV7]ߤA'@8@4
tj뺔<GYWGMWGÚ}VBiuVNH).FQЛ4qך
Z*)`JiTY"0!9E{%*i0l,E&IA1U{|Ġ&<"0yQ6/)rĞNl0
""0iuQka[fGB("R̏#d
kpf9R*lMѠG
ķU"05ӨxR\
A0r1H$:結	- tZvnX"-+4
祫;#"0V)
J"0b+s٫(׀iK(""KTSDp"0V<%SJGTcn4M],i9gH]"0
sk@jb>E{Ml$*5FJU,櫊38<&\`=9`
ȞgNCQI]cW% "~ˇPB"0n܉")iy-,l*#@QN)Ʈܯ.UMh^ʷ$FŲlQ(	FڃEDYfpP+BF˘ڛR-%&R)Lի4p)bx,{<A(zUYm+JX-;{"0/弆՗B^QQҾFy)-xyM4wu[mrzG&ɉAnZ,<h""`;%"ZRG5(A8K;LW"0[ߩI%QӠ.lR ʋ" 0HEe,j@n]0A<?h8xP#atR*@n'>MwMYNe	DШKO&=*PGAEcԩ΅-S2U7D
EǥŪ*j4ir<)J9lM]:%3%[4P@F(1%6	YԮJUQV9ڻ"0\W{DӠ?GTEW/09ra+?}:4;z}Aw9E+zWwaz"0=[SC-_$Jb!+ h?ZhL[a8&Qx,=JCM"2!_jJ;}d`kkB^\"0VS(ǋ\DVoRXv\yª|hMݑFfJۣVGU^gK_NM@ene0,V.""J"0tO"nKGP<!j#yE%Lݠĉ$J."0pVSjy
d|"0(6Mֆ!A>T໘f)bf9t^`Rt;/K"05}K!ZJF6"V(­4|UFLc{叢
9Qص3p.HxQ2н&0<B72А%aRFX^-E	WMtetgN%2#.ȧd h
[<")>,"Wt"0o-HN"0M4=hq4 +g(*!%Y8JD66`h\YWڹB{kbtEѝyr>j~85@kefGP.
jѴ"0 .V޼u]7.IEq
ַrUs@ǣUp2"Taai:@D۹BcyׇYKVzE"05.9+^(uv⥰G^r*W6W<@-bW;ʢv%R!TKd.TY #mi[?Q"2!3zø5)xu^P;xghaF
оՋFxP"0Q(pw@*:(͌N1/˸l[8\FAw,֗:Uf&s\
חT1"0riaVt#1EI\"0;""aFP"jkpחR"0SemYktט!_i[""3';9qw)"0?vlkL Q_w0"0'	auԵ/C6e5zڱ,8{""X6[҈=g"0)JE u(1'2Mʮ>ci ԨxxNz"0`߿/᫗pG@9<z"0Σ]Tl7;/̲vGrQPV6\}!Qja1âiDĖؖu'*q)Kô)=0\ mka'M""F^GDǘF-{%T	D8zһb\cAB""kja!S"0=DgpE,`'+ar#QT	\s;d"0]3+]YbZS2٦N1R?RWU""U""16M\doƳ\*ЊBy\SF63""`΂bOHfc.ru4	9>5,eݥ	6{K	8k~pX.CH	
JP>K=>TX+In>"0ܥLJTQpg'J4b[XPF;ȱNfJKEVVlR*h3a@ט~C""YԷp=.vDTĲ@"0!6nKJ௑r?1C	`2X0K(r\	y%i"0?g*p5KpJGnHD!nKu̾}zڸdJ֠c[bY
zZԹT-te""9iKhA+B,klV*/Ꞓؔ	ȣe]GpiJ+S|ϱsQιF%<]T1im
!sn9_;JF[FY20`r*Ps/>Z	oQ'3\"02SҲv6hJʛv)]|E¼%&*#NG<RɊi%){aNH(Ubԡj%8i4-C24ٸ"
\9T9VWl%b+W1B: >hQ@i>.6YS8UKUܳU薖.cJk`cH	d2{%s0K}v""ds	DJH6\D=
4j [1҂˟W̾?:th눢bi5,1Ph:M%"0:^F(}%xK""j"E10	l4^ .tlkf(e'>v>!"6ؤ7*/"0"
"8";"Seafood";"Seaweed and fish";""0JFIF"0"0"0d"0d"0"0"0Ducky"0"0"0"0"0K"0"0"0&Adobe"0d"0"0"0"0
""0"0"0"0)"0"0"0"0/"""0"0	


	"0"0n"0"0"0"0"0"0"0"0"0"0"0"0"0"0"0	"0"0"0"0"0"0"0"0"0"0"0"0"0"0"0"0"0!1"" A20"0"0"0"0"0"0"0!1AQa""2qB#Rb r3CS$"0"0"0"0"0"0"0"0"0! 0@1a""PA"0"0"0"0"0!1AQaq "0"0"0"0mZ\8tF+ϺT	JAT¬<Rv~M7Y_LɦNi	zǜh"0C9J(ح3StWW4;DyB";C$g:cvʯee
])MM
(Ӱѹ˨?F5*xD}Yn}2gR|L[>~}n]$FEKI]Jk?emHˋo\	el>]Jś):#nI1Pܥ.1i:h-6鐠Y|=n@vz?;	՗ޤ|5=bajHв]{Z?Bv`]lvV67+""y""Y="0|eMf%rj}&,$k_)8s﯅bL3"0AA>#CKHT4Q7&q\exՠO&%aݿaR"0ߞg?R"0l*WE%{yzn"0@i't?rV^z/-Z}Q&B|^u.lʪÒuq͋bS1Ҥ<x\Nz٘3JRu:'5#ʒ@{YJ	Ks""m7,#v4rnhvF.mY4Ⱥ+o/cV_Vyv>"%QjmL[dOxY(,KAVj7&<~Y<gRQK,q*88IO4g\w
o!7N70U"0"0[<><'lsct[͆wKֶ7df4=p}^'-FZ-Oc_$ky3<:N3H_}3OdUasmWj"0yֽWf2NXXo[
Weef?<dN'h""~â}mitEqwWل0`5h'G5Z$uv+sfNQ0GS=-""S&zv{Ǘ|6Պտ3̎ζOƨ-'gIQ!fpUkW&Y	mݳfOeiXH#!#_3l2}d3eHK#f\-~XuQ짨61@^")쨞-J+v[+|jር䍅q$rr	NQkm""97,TG$6jHfvaמ&>wڟcr-eHx0Woy:D""Ua,%$^׮OQl	7N7---,BJje8t^$!vhj٘c^[Zf9Ixo*KbW)dABU*fc3W,Z}FY"0"od"0vg.dy⫧cҿWbhzփ}Qr]kMAUkSTEɱ^%A4"ǲۈ4],%x^8([[>Ο6z5-2O}_slORkPIv+ÔnëbtVMsb7sd+OZ/V2&e&Tuo{(7nv q8jvչJ汱G&{
l죂۵</КfHlPsph,|:jF"0ټ|s[TVFG&1Gw
3G@D1"0"0)^pЋJ9ye+<.N-]+Vx	w'x@.p-8\V:Sp(E4#ޚr2k?䤍dAV9JcWq"0>ioj09,&SpY+=q$yr9,Lna7-*KE1ۏ@GQ=C!TvdK8CoF˺hDB:yH^q:"0.Csrpy?)Gw8qNwHW
.dC[~5d'wEM8Za8rSbr!c~,:"":;MgfD,!z""eCX[Gyv:S:"0"0"0	B \	wMс*78
}(ޝp-OXXz;8"08"[Ų@\)OdG/8(0""V4IB&8;G"0QnSqI"">m?뒚v`e:;X6.{SEf&-F~BVVW4,E2ˁG(p#megVQwBP^,=8ȹ""𿟒Jv"0.5^KNSqrM9ĩ]Gi_
=pL1ՅE1خJ^ǟh.QR8$Ƽȃ@*6?
K#97$e<.̎
t` HZ8Iz6P4*@ҤKY0%q8''fr+)!F춼AIkQG<	"0C"0g;wO]`?a?xFú2nT"0?`o8ikMi"ֳ
VoUn=JEm<?n%#.gm"0"0?b^U*ѝQ6xPN8W!}ane֓WN>Mį_8d{Q?JЖ,wSvg*_"0?jo&#N}YWOlZ""=MeuPuG"RR)Rؒ'k@NjFP&֖P(-TDCFZpӼĖ0%naiy;9Fh4jVs؜J$Aˌe":3U*)e*Ļ)lV,[2_Of9xv(UZ^""'+O"0Z5zL%)RV#M.ؖo9	K'e=Hn6,|o+:aS"".1TYq")<ve4MQT{}j3gÆ>.+jOfMTqk?ck*l~qE=N_E"0IiLAI %;J	""ڙUl#R5ZlأR~p$S"\0N"08 8f6`X։-=GJj#O=`j@54GRjT%t#|C:ӵH	LAe "0	~Y(63Jظ~-gjGUed]%&b&fRAjU04MYl ¾
V R$˲Ji-yIL=Jmk3ӿ+;(V9TsR,{S̀6[.H]ֻS,p;;`#Q>R]а˨ i?)MwtVj`13"02$3*M@ð#qe""b_)Z,8ZsnmvhʶTu"""Oiz%|{zD!?;i|T^`@>Y2jGQp>a[2f8f_(L-t)H +5g6wUf\#H2L
h%G[fwc%37"?vz,fNLV0vFM]_"0g+'2*+Q-a vN30cv{	ŋQ!{*U{1"0ØUM	Z>:c|^l3r=KP6bldl]8w[RqE;ʉ(f718FR3UnT^8Q~@ދ?UnʶCܡG*|iJi^V~0_lB,ԑ6Po"Ao#l0-j\7aVi6~ik5;Eowi0Py^ӑIATnA!ڭS:Rǝ"0c/OIMWot*KOI:TZRO1"0kΫpC_*1c
"0wFڨwf"0*A2|Wj<#3*i)9ISqmh5e܎Y7AmRl1MAL'(\l=ҍִQĦI;tqq:ӝ8fGtگv0|""3v{V|KeS4iPIb`]̀&ˤsiiݿ16QNȠfJڍCg(YtmAEqeb=Vh&Y^	u""T\L=,R2GP.ye;QBlGO18)nc]YjH:,o+v״ymst@GNi VurLV"0,Il(&̿S-[QS9x-#og"0?!i^W+͆N+T_q+{R-R̽D,
`׌gְ=Z(_2/Or׬?!V;R;-Lu^k=hרE9:ģio+w/h@x#L!@sSMt
ATZ|$zǞެ8V'Yn"0t))hL)_G,FdRXç[75D{A}-#|"OhTO$ag,%|CNcGbM6F9n"0*eIZ$VLMWS,yq>"*< ]eKerE@֎]2Mǈ0[;.WTy.P"7./Ia^y5""PRaCnPYpYF7X2^eİNihںwhןR}_N5U{"0wfW"0pD7wܼ|Ճ%]kS"/?KU.(ZCe3"?r0][FzfR%9k-˩o8xe	\"0JzF55ά˝=^%&@S"0Zx᫙NlxkAmRq0AȕW/XL+m[w1gן
ϓu}bR5/-ӄe@5GkS.ytVTg³Dp/7Z8:R++g3-WL,5b2ɵʺ"^t>{*#0KvdTov&1mz^}2&Z4CKBpmaH/54FC[vew-Ra$Ы.Xѐ%=f6DӴû:-`x{+5PS_oPO釓 5Ƃۑ)㓎yiz^"0xbt,z`diZ'u U B^e4c4}3'ܴ7r5/!2\~#D"ʻaxQU7LSj~̳E!YPy"0"0SW57
o918/)bl}	"0bk.lIZ?dJ%sXaeWq3p<34nr3"˳i;^r@u9zTޡfC҉Z,a@Їƒ]odM \W2_0?|ڦIV0GΈ]3^^r^;cn""0aUUG HԬWi	Ohҏ/G=t@\"0)W-`an93FVm?nJUWYKR*(⟀"0ujV#z?h3T56l>=̢},6D9"aN\&&D(#WҦϹ~o$cK'O3Hd[O>"0[u)Z4y/
[Q-җtiFewy5;InQGEhRDMh> WUo^s3T"0?!q"C<br,eUl/5˃.ZBWDɨ)yV7uNX1dF@c>TKA6DD2,BcwA{X2lDf	Wm>/afmmA2bf"0k,"0A?qmJ"0x%3	_.ff:e?0s	T]N*UT"0pxc\K3btMns>>e`B "0dsS"0e$0v"0Ɗ0YtO[cp5*	f)a@!>q[(_X_P]JuP$e0?oˬK^`|ML-G=&?a?eڎ%Wâe;3"0 J6n"0?!quwL |VNL`͚`(""bٴa[AQJM""888F\Gpop1A&#W"YtBrɇљGr[n)yimRGh>_RSD{$6frlP!c0MqسL(Fi/c&"":*Kd]fab0$WM*&cI2AXl`s&`1%m|ԻKlBH zB#1rKn_En"*R)R+,Z|-Pጬʺe'@帖q){L6n =|5xS{1ŀܬW2@}Lk˙n35uѭ?9,A2|]Lߘb//`Hj,""(D *b(!Y6""?L/h/c*Z|!@ԨaDg[""ZG)p1blP:I,]ؙ3"0"0"0"0zB8_pLrPT*SoJn]n̮ጣ
Z}$<"5xAoN$.ZΗ:<Nj=
yZ1}B0W&dI"0?P-2মue.s1A]Q(*JrB$,[ێ%
|"02T
1fWku.fVMzaK]A'c,Y{Mw\b-"@/Qy&(\x"e\DXD@@fXbF4qq>.jNuɹRa4@_$!3aSvyC]bp""lb~@n]qI)YZLJc067>
%p;qػ"02S+qTV;e-A\+*TzHܬYVBSڋxՙ#[""W7F*.ɊltGU`i&)hMx*sS8,t"0iRW| +Emb}HXHe07-1N &S*"041eQ37זd[Ųn׭o%e]lU`<hS""J]8nՎjko{1LJ"V-Xm<h{;E?"0#jZq1O{"0񬓦*Ru.\4[4ր Wf}@	5\zG@Z)A/;0(){@]FH{\}1H MAmv5.X.*chmv|XѯPC~ٓ$"dTlԴ'DEȼ[`yŢ:PQ4r	*{7l9Kcs.2[Sk˔cZ
5v)0;~9*ѼkOZ@fXP \3J[z>jxڬ,RoWcXcYfq4<f7mPkԉ!qpzB+	m`dmqVdHP8e}F
ֶn_@!Vbmp.*Y,յhD=$lYq̦ay!QƟږQK	<#RXqi՛VV§J](5]ҽ8pTc	n}B9T0ID7b5_}	#yBoC73ͬ_
O"u(*1  g0X	w)pɒ/p[JQ3!sJGށU:B߄5z[zq9KZ]F;LFUfuRNBM
@0 v5j2мĚ`poH^S"wf!op9@Zp8ӊɓ
oW8笢"0aƺ@9+YD5,$XUȤCOL?h[e^cmZڳ"0FQr""TBA@|
_۠
Eg c>Í}-I[hY[Yψuf1^cU2@-6|=ǚ%[xg,H9\@KYX21nQ"0mXAm2FB
+#4ĩ2 K,~B.({V=iFuBATnރBfbxJVRZo<7	BhAPwűGbs-boX^QRr<%-.G<e">}2"b64]oHζ֥bDtjj+nX![N*9Yf=(/lj0])XptGjq_Ի""Z@WƢT탒Pa/L"0$`<I+y!}iPT$i
p/$T_<f"%D~XUix/6e@Qjh3]Q"0A-U2y`xr
dp6`EQF4K{
hlg*+x""rE9"07q-ռ|2`$)$-كJ""%DK]b7pBnUSx""Θ@2WzIX1a"07RY\zvoE7G*"0&KKMh\ WLZylxdňk@}i5[E.l$l""	`7"0ՄMKN&gbسGc	ɈEFyX䈻BMXTV%1uVEx!V)p`S~l˃bg?;{|1Ӊ!Bh2@o	UxT9)чocJC1`OlxҜ2-l 0ZﴮVb]{ʩ%vZY9<?:
|0d""cfwfc`H3Cg"0?b2f
SR7$.0]_ܶ:®5-lY"0v-;al{U"0xI[7Q""2͆l[,w*[Q~~!j=?6|H -(Jyy?;SjHKA"0 ̰/2@1cA~Z	ubL""VӒ|Ai .Bq,H.+b&o~WDr;L%Ih\Ӯb+iLYFeq<irqU1xv̺d%5(r<Bs塱r ,y7qDHB@!\%D&`#F F5ko}<{/JyFi-S%)3ø49Fܢ-Aelgx7¡y	,I/d('.2NcQQr"0128B̩|%<uej,, g+0]:*+P6(c8BxK@s{tr5BbOQsTq0q:d7Xz't VPٕ	ZZ"0LPZ?.B0ϸsP{ɖtap̯	ܭTk1{ƸL+kRʥ3-MjniYUlND""""0#Pe@""7rQR]pl,WŝIZ3E8tykK>GQZr( VnBXpe*ieu"0?>g=ñܷ3d/$x?q>G1y}/aRiݼňh۽3AS=jpDRW$5\j`:@42&	b""53}6oQ̘L_:Ne.w1DT0QA/lZq1ZqN%0ˈW)yNQ.d'1Ok2t=>*)CpxTKqSdQxB̋81[b!4qg\nW
?S,[ɧy4}f/?<522֚!+eT݂,^@c,P@+%ChS5Aܭ]DBýзbhr9""&]<A[A/;[c@0bL0k~	@5*\Gm9CX^GrL+Z"""-;ƈԧOTXF`[6m/ `cE31H]/% Fl(a%ڶqyH-XP"WP#7%A)`.""9\šCEX0)pe[f"0j9t 's@.-o(q+<w?젷).mbe8I	e6bZZ:cnY{FRM1~!dG>!JD
JZ`qVUxi^fǂ4}E+cD3""%^LSi qf^*/5"08""x_5cRf<BFY}!;x"0S|"0"
