"EmployeeID";"LastName";"FirstName";"Title";"TitleOfCourtesy";"BirthDate";"HireDate";"Address";"City";"Region";"PostalCode";"Country";"HomePhone";"Extension";"Photo";"Notes";"ReportsTo";"PhotoPath";"Salary"
"1";"Davolio";"Nancy";"Sales Representative";"Ms.";"1948-12-08 00:00:00";"1992-05-01 00:00:00";"507 - 20th Ave. E.Apt. 2A";"Seattle";"WA";"98122";"USA";"(206) 555-9857";"5467";""0JFIF"0"0"0d"0d"0"0"0Ducky"0"0"0"0"0N"0"0"0&Adobe"0d"0"0"0"0
""0"0""0"0"0"0"0"00"0"0	


"0"0"0"0"0"0"0"0"0"0"0"0"0"0"0"0"0"0"0"0"0"0"0"0"0"0"0"0"0"0"0"0"0"0"0"0"0"0 !10""245#@A3"0	"0"0"0"0"0!1AQa"" q2Br#Rb3Cs$t0S4u"0"0"0"0"0"0"0"0"0"0"0"0@ 0P`!Aa"0"0"0"0"0"0!1AQaq 0"0"0"0"0[Dl^ĮA'!G\d7BY,v} 5R:;VӚl͋ F1݌0vݏo+U8UE[I`[_L;|$=ǻ>
0ﻏ*Gz6"mS3U
)k06!jxNY8Asy.&z}Mg7u/F.0bڸAUgu_K6l%q5mM|{H8nUj%,TurKAɄN8gdlYU5I5#fB4	+g?҃F9Ћ#k1x~\9Kȶ c-Coe@*狹nDEE\pfwT=Ac4QFz"(}L&fIJg"ie`d 	`Q*ӗY""bs"2'ln[5K.X`:m	)mg0ݚqzI]U\2gFC¦J+fh4aImNAqW5L-""1Z^:^ʇ%`$:1vh{5
I<hia

ȺOYKTDpҧCef[0q6?MXu)fʂUqxT}5쭽8!=jV>>K|l:A}y|((U:XzX;_p9Cނ5V="")^صUj)	QDz8JewJ'ؕJ{a@閝S1䝯=iv~oT+B|ʓmSJ|Rf	JnSk+ULwn:""`U>oeٖAX:y\qgF9?˃,V$h1\ӿG"]e`;Iz{f68ר#2vpMlyG'.""s1y9fP
2k%'nDg.gޏd԰rsF("0"0`VЉ}d.bk#Tֵ3lBFfr\pw½){PԹ"0m;Tu19UX[*ߏ&WeܢL8P˒+"0=f1;,1בB;~Otr;Pe)iDֳn?'arTlo*ב'侵ʧ|Cg:ujyUf#!c*X6jU:+~ع
;
j'2C 6>KY'Yv	#>ΤҴ>F#FQomלp_a^V+7&cT#)2aXaʌ90vuDTmӡXI_jkg#-UIw:7ih"{?ٺP§1clEZ==+5w:kCڳvl{t*F*NL]L_*/kNnhed22mnIATGF)Sh>1P᧋@:+QbB?b8QQf*oP/PڷNU!)mk7*N?/Տ̩־t¥)ico)$-UW(j{"0wY.+3ORR*-nOڷk(iڽUin)zqI~Ca7sRMm+ڭ7ڱ&'"0l*G,Zm3(pf
Jz
s_﴿{!sɟ6+(s,57V]VvK=7clT $d0?a~7XXSz/:8k+:ŪNJ+!d*P_D0VUwIF-}TiUBz"0 mlѡcen	L2E|!&%׷⫺^vkJU0|?lYF4"";oֲ6"ΨqmkW/6	ݤ^a,n>K#珁|w'9/js	]t2ŭu9-ȣ.:Lϻl61ӭ~䗭/lj>(摟-\8kaV{Jf~Caxӻ
/^ޙ"0Jު-E&-Y[g"/2ii["0\׭Uޭ]"0a~+"0"0GuXy0Oτ'9{]P<]Ow"0.-9y<!!#9MRzxrQ]|ٌBz'8-)Ȃvyw+<Jˉ8)K!	(pXLa0cEb%7nB PYD$Q뷀"0XYޔOG.YV
E].	ǀU}$qCL9wX]R8hxyp
e0}K#"00|Pe>Dy"	x'E9=>"0"0C
hqoV9<1uQƍe+pYY_970WNb83[ ES\T3<0w!5v8Q8YYMsEO
68iR$oR䞠pP N܄ 8MRX+++
G-r.Z8iᩪ')ڰs|ܡ >IE'<	A:RCòqg4^	8 |!~LA2nGvvTπN󕤈bG1O`@N|qN8a~B32{|bE.UvZFzsQXXOoEeut'<%S
hHEaFJG"0}e{|r8R?Cǅy,TS~"0?$l͈MGfa"0?$R -m\GEc-4w"0?Fʪf"0VW+nPY6?FVZxvb*Q`^gƇw*d̆qxu
:;Gm7ZpuXjnyVc
F@Cn17(#ðOw,qWɭuE(yǬ/
rd~o܋c=&Oٻy=ՙo`G"BM"0rkǽt͠S<8vhFߎlC]+[("%dQn#OLvtεlͼ_P';6^h֊ڲGk?Y%Â,_-g`,z:AUXܝrHk>r-Zrdxm \Q0D""OK1r&mb""* MM]KF"ݪz5l#n*5x~Le]CF[SZ80#8^B8fc>XW~F`CN>G$""E(RF-ʬ5(rn˛2Ѳn*M7""5?56fX+RuSx<1.T[)[ztQSyFiix$bmSPjXArd+ʺ˷OlzKM79̀c*oxC1B)9_c\.۟-.v@F68 T/ZMzH34xتʥ*~+*w96T5^OԜsy5:W|zwT_Qr9[W_*7[FZ=yob]6%7pQdIdg"0u/""(ÆoXwnZ]ٍi-o2>P&g1GkEIL|퍃]K}_[:@so#r;uũנsxI\A5F
:GgϘ"0M+סA`rhSaN3֝=@,Gpba
Cz<m]Eu<э'SjϾ_]c4\ܣz*"0v/M+])|x"lr6b#'ԥꈎ&6I8&TҼܛ sm
ņܬn0Un;L"0W"0o)kdTԻ}F'h#H衎6Wv+%ԎRϪӻZuYV4*PI}&U
ݿIwYQU7>k`E"0{EHސ{+'=2Ƞ5oicxE'QfMFIp"07.yw#n@s8bK]oa2,vI5ә4o)8ZܴFCv:Bn	wviIAsiex6j""	qʚ;Tmmp(m?GN"<Oҝjb_6/#W@_o.r>id˄g6:!EcrB/{iXg#ŝV=Mw9aa١Q҂ϡP^-joSWvZfncYN*Al٥(E5_K!i*_yB}i"04w!n5zr:

5MILkkgHcI$VVGzn$(ז"0?=lrwf`=-W"0M"0WoZO5ED_@{J"0?!;`"0)e,mFyf"0KhUd9GُK}{Oݝ"0	DJlݎ%G^]6nM<f,{ύa(EJ`*oܨҲx-7^A>&Pf>Z]ћǹ:%ǋCjZ@zAfl/Amvo8
QVqߙ\n.TgsوGp0^e(0o=~Fs}ǱC2%i܎&/y ]Cަ-WM?O/hܯs+^uѝ
r|/6+̨5057gx]
-x2ȝo,w-CmE"wKOonwv*Tfft6@*1!	ï%FO0%_nQ<41xYƯD(4Y%"0Ki,FY:Ϲ-3|&ʘO86a%]ŻYj.n2It{̓FsKE޵jZȭvɾc^`^踽T|-~)MIXsV(+sj#|@Tҭsp\cǼB]\)gj]CNa"0% VJ5
"0T|"0{<}"0yFn""8jc4@K*/0xTZ8ҕMG]C*#OhoH	FJZ.P/HXaə{El叫1>Ak;5y.hPɒ+L "0Ph;Zw\mYDTdʟVXN%~BoRrtrX>3*F/员;CfO5a0JaaJ	RVz
pzCy{;\q[HH"1LVUvyٯvJ
.k
og `"0J`D#g&~3֤OF.f st%1"0ƺ\{]c܁ui,?t9GP+,6ZcD(>])\"0aYG$,"ͿwE10m˕l4|N&+ch'Tv;}~x\:m"0ə%{.zce	f#HО!${rpWDxvXcF's_be}N9XFY˙Aȥ(0IʿМ-i@ph"0)@KrҚsN QK!wۼfJf3`.]gOz:8plV1.Bz!R_8"0){B|")k*`\pBSHRDe(	>[HEf|(ɬrl."ryə[-o-{8RWhzw+uzãږP,}&/KB8DӁsg^
,N;GCBe[gGPD0#"04bf!v!/U]|:_y̺qE%mqPTjlc""/D{Fv͜~U]7+*ݓT@*xOϳdK!'vk"0?!rғ0e}zzSCNń2OxtF@	̿2tXu+Mhr^ _SS(7tTA""M t~!
%= EpV+FXL/y@1*:W@LGNx@t_pK6HNj8
YI0ˤtzF^!X}(R)i0""Rm8D}HoCީC,K6D10
:,Kp2pSӓ"0C3(M)2$Cx8B1OE77"0,7.db^"B\ľ_r.\(-KaU5оJ+%걘>_MF^e9zy#Л[M_"0?!j\?
a5`@RJzTP!@S4Z+?"0E\;PRnb:6Ӣ
Y,Yi=B\"0~	lԕ=C=侉[+
C`IMac:JP!Tqn
_L7wH8ZeM)r)ȄoލFiCұ[agiӁR2xG!t$77[79@FdJ<XS=B2i+\lD4`Z[;%uR|k׊*6AI^Ct)/O?s=Gz""AMF_U?,7ФQJ⩊Z'lSK*QNPK%]ķV>G4@x!q-:_&~%u_Bq4Gqiuz"0"0"0"0I1fՖ.&V&z뮄AICG9|_gz6DBLjN.8p!*mvĪhjuq0-U."RνMRa""[8t\C^V/f	:s. I	U<GJY.^;'"0?mcYtv^7ťFF^qgP{*Kp!}L	VpѾHF7	/,3lY>^Aۼ""
Yyw3J.vha*5
.Pw]nn"rAPP"0|"aY05e׷bp3@DXd#Re7ᕗ2c/sLx#k{UMFA(";y`25ORqGO&*!/ׅw3q0K Zb>AK9c"0ҪsA1eGx\"><=޸aobӛGm٨ֻ\(xE+\*/
Wlg]2VWhё\eS"Ük8F={EH;]KZ;WV'E^Ŭ/1/BX|9[FV՚3 B_ܽ,.cKxxڀXXWW5ŀcf	Xz 7ǺA""15B9h hQh{Q{ya@Q
!t.*vVkKt?-zI""cGq6QŎ^&.eI=\Oe2X:Xs֌
Tb"""0@nnS9bz!Pgw6QqIhY;SkQEvG--j(`.bF֠6si\i	"07j8qҪfk,dq/"*cOfS%P9h5W)pYF@]k˰YOmQa5T%_""ll14)enUĎBJ+w*󲜍jdȪ zPf"ا!z+[P!W+.tKHV;""Y",0ȣ7eTlBqRyg#W4<kh^_qo5̧;r`EjeQG`"0`sb*""vy8[ZzONZOUxT'*1YDV7)
>:4pi"0(kiVA`/:pʵdP",j
nĩk-Z*b_z#ɣ< AdNe88a3J0a ]JoݘC'}0@ZIYϙCYuPb7(9hAM"0rii@8f-vI5ۗ
\pPvo,6v4(zZ
kP#K9ʗ=.bį%4J)8艞t^̎XJ&tϤ)`,t0y[0q]\!p?k&u""NdAnW
tVlq/Hr(gpt`[@
\GnR t%0ǭJ͸״1כI0,#'\BXNetTtB05;bB=a)n/IbVVΉMKE #"""Zc"05* 5	ua&`k]}U+rQj7XpwFbDKy5%^ʰVN%'npEe"0lb
adFpeL	,X3j̧W"0k	:\aMy9˪H)RkM),Ck`qm}^xJn3ȓ	-w(.m ߨٍ-a"0R<8o*l٥9@^V~儩Cv]ҠL1v1ɷ.|L.57Pz;8""p+ƮM	]rQV";ߤ'"0h;੾bY)Zkм;棽ٮW6l1u̱5ܫ
JAvGiVV.bGJBf;H#Ɓs<=sXfb""oJWs'5UW8W+n_(XgV|Tf/N!K@(r)LQ>Mx
ebXєdajxyo Za@26Լ6}JE.fWe65<"0$-`-8UUvˊ#6
y$z:g4UayrZe)h,#*9qV"0ʱA5ؖ5 ̦̕2KUr7+"0,p"0e҉´>K~2bNPE&,Є
x
9ύ@	SDVAE4)j7H(V9I`h-0Qo4AZ0ܰǇoD<cAe|TpֱL.V	pT77<抍|MĶ	+'"
%*Xë96c{<?uc>hgsWi%s.N@vͳ"0?葃/a=e+K47ZG8\Xt܈j#Uso2B	-Ґ]"0'D(,)a]L27S1mDJe8<lzV)&A3čL"0qS.ҿ7QcTE*%b:!<̐!ŋ! fYeƢl\%3F>3DM,,Ոը+d3aӗ^	Px5:[pw6~]jPjrYV"0ʤiVKw"0 ؊UhJ6|"0TPQ*0^I!d
53W2#80Mhb %g)jm"" \3 ӓwq))`@XCRکNίPr. -R1|s?`<l?=D!\KA,)""ܦQ-0H"q.JjbTTbKmݻ<߈A/h1(dom.I,)}xFU2g82DZIN@%'	~`U2ĐIz	U7мS1OwcPz_S

u5^osp:T*ˎ'!wı.f"0
RgHgs%jmGx`78	DP!.T&{OM22ӣ.Bxy:?{Mڎ9!"0?l
LvpXjma*A}ҠKs.4rF,=5)H``*:0%Q2-B]! 52c[: JrWKIuCS eD?kk2M&,R䥇&+)Kص.X 3~uc'Q1wi36R%8]C#􈛏0	BWr*Lİ.]1+" mGZH6M""El2Ib ~ tY1ҨeH.wQHN*	zPErb3k[5+9JYQE3'o1~J@*"R(7¯
{?*]wL-"08z%""ҥ,z8r?2[Q1jS*y臛~UU/mn($Kgs~h%붎e1^ɠ""eA2s D/odD:qCB5\qVݙ@6!߯x˿3QjfSJh3G*6х-Z#6\|z3QCjZwq0٥Rlњ""3=3y2x
!S(.fE"B%MNW*jd	seSrE>Dʌb2Qz^""rK3u\L@D¼"0=q;`GCs	c[DfvV`Q"x}ܺl7D]"0D2w#lӹI<͙G}"0";"Education includes a BA in psychology from Colorado State University in 1970.  She also completed ""The Art of the Cold Call.""  Nancy is a member of Toastmasters International.";"2";"http://accweb/emmployees/davolio.bmp";"2954.5500488"
"2";"Fuller";"Andrew";"Vice President, Sales";"Dr.";"1952-02-19 00:00:00";"1992-08-14 00:00:00";"908 W. Capital Way";"Tacoma";"WA";"98401";"USA";"(206) 555-9482";"3457";""0JFIF"0"0"0d"0d"0"0"0Ducky"0"0"0"0"0P"0"0"0&Adobe"0d"0"0"0"0
""0"0""0"0"0"0"0"00"0"0		

				"	""0"0"0"0"0"0"0"0"0"0"0"0"0"0"0"0"0"0"0"0"0"0"0"0"0"0"0"0"0"0"0"0"0"0"0"0"0 !10""2AB35#4"0	"0"0"0"0"0!1AQa q""2B0R#r3sbC$c4Dt"0"0"0"0"0"0"0"0"0"0"0"00! 1@P""`pAq"0"0"0"0"0"0"0"0!1AQaq 0"0"0"0"0Дէ~Ϙ{3.q.IV&?m}[ײ*NTZ
+nB3OЙfW&ѸKUkk敄Հƙ3FdM"0Hە*Ũs8uրkڟ]b]Zj"Uɬ7
6ס`p"0e
\SbH̫_9bUDIOm-eZ\3	"0L"3U^83t>OjtY4220L.D*q#hV^}-"Wn[@0!י^.7QuKreZM5Oѱ&\C;1/{J",E@onmZ/OUM;Xr1wj3vzs
zN{O:yQɮs>U9oC]
5:7tel٫E5h3lKU&띇T/{v~gU pdo;&Q<0G=S+xJ'Pa)лͥ3whqEW""6fX;sulL}9s(QKgnǞ5V-ߒ""VJ:E[:I>ƮxNln3A;.AO/}(okLz7'U7e9C9B96m"0!_poFRILκ"0E< 㙭f6hKQ9,sXꟚv*͌O
wr:|'gDNBmfJK&5Afa;Nv	cȘGPw-Y*UWo} R*t4_M3Kb^S]
F >n'K7idME(w*33Gȋv#pFs<
1n\fkx=XQ s粡"0a	3+MC?ūt~TMn0`'66VCth|-@"0;73"0"0i{t-K)2F؉-=vZ
0oBZ]\K=ܤO6@0Me$k@rыZ,kߑŌ8аLmcYWcWeQ<JߔgF(+Qy"0"0T{ne<C=ݻx-x)ǣ
䋪Tt6JɠXYyYkEEvK!)scz駱;xմ""frO[<Y̮.u|4^WԤCDjB3odbmBIr%7y/nsYme$f$7yn[ZW`)9SI"""3|7nZ$(~ʎ[z]}5ft˃Bu1@P*%xe%\cNlV&Q֬V:&J֊b~E.k*vNVq	jnYri+Ld*+D3XU+	V=#gqef]<Jgp'HDu}@.KY~/e8Y[ϱ{k+b3\7U$fd-uUzT\귦[QʲY~x<N5iVgO|sشqhsz"0!x+m%MlrBSQbP Y뿅"0c-m읜j.,LddBՑX$^D&kZܶNlu+[+w\%&;۞Ϳ5{bk%n"]pu̗ǋqG|?iVyhѷ9\Ņ:S>V*)^d9551L@osS!SM`sn"Ͼ{^+""vY7c""pBSUB{\*x"˹C~ed_ޫɭT"0v?[AGTtsq&94cORkp~|"0f]"0!}_"0./$"0;m͕b"0"0D]]"0F)J$K*AɭFTa^%M9.I=K"0Su5@]NU)OrkumSU(TER@BFJc94(+egr""Dj}Wh
	:҉C|NkqF57R"0U]2 QmZAju
&T29 M@Qrq@\C{oETMC:~>wE1@:~H.as팄}!Ur\z~Q>;A"?"0"0A$	ވB\WSW""@/%yrO"b'@OFrj*aR[މ4k(hG@SYtw}@Wb4/"ETD*T!=2ڈ$B:3ȜwGxhtd\zҨ6쒌E5%=OEѭ(15F5"0SL*J|/j/7'\*}/*l9zhSFhsbmr䞦8$O""*7-'ZE4(q+!lʛrG$QNh(W0ȋG9T		d[q֛?rw8~*& uP'`V=
-UGN(BAWj9:_HȠ"0?&OƝ|1"0?
3gQط3E"	uѰ\X'?ģ
%b
J])c!iV8	^$}"0?blhEpiwt\[#\{dis??&FbpѪ8"0'}lF{CԉcwWjoqmǒ0mu~4,Yu*Y$n
2jp8Brz(ܮjT_−l򻶛s#96"0Ȫ6S%v+28/6+0Vک.۱xEqTr,s6-уVi->VK]38F"0;!!8hSۈg}=ĝ۽Ig^	'8i96kCg>Zq"7)Hǿ%1""wҬ5nǓyTX\#bkj3m;EN˓uop /PpC+*Aj$`deg2mp[{h|nXpN
oM[s9se_Ute~=jGr'?O:Hõu^"0^#?0t*KZ<\5Z6"ŦJ{;j[y#߉1ΌaE]Wk@уG?I&b{d3SsӥXtaz q!5b,+v )m;f){:']$"nq*^x1X
v*Qb%v'I7LoFdOJ}@\ϭXr'2\	1PHiGOh}ИtCqw\v
;CvL_bM.,UژO[
PFevRGS9lTm)s:_*P)@Os=Kސp:?RaMVX:OUvl8SNi|P"*pIZ*:˓uqSpch{[!Y"0#%ei
i+B[#3YPk܋˔t!b/97?Sbv¡]ފ6>F֫ENc8"0Ra.Q+dQZ6MZi"Oqމ+5v\I*4SH;aF+̴,y92&Bxe9r#L].=!SSV"0GX]ɣ*>Xq42"0N1>wlR'=Luq$x6Jdg\xQtچ"0_rmd/fhMtUEH7
-@^Qxv7TMA%
X{7rӝf^1ss}xHBsf<76}q#`=>.Yn4w]WQEz=;b"0i\ORjS煥j(t%$6I(Q|!p>1pPGIg}jZ"0콧kS+$.Rh
0k4xMR;dc:ũwj>/M\^r-wR?R"0pG_"0?!AUD3tY-ˋDENX6w""eOǘ?Ep(vO
o51?]x]ʟ5JB2_oEbݪ\1N(~BcSc[	ık%O*ny gԈ3ʗc݇q{s4t%F^j8PmuxWYjGD<<w{J+(N/ezGhJa_pט%fr]maΎi1Ԗ.p1mzJi+988Wܮ%"0- 3F""ж;ѺA1ITx:tzv+_ӷ""+AX\U_&?iI7b[~pBY`6"rYguENK?oK@2
KG_|lIpxm("a:o0b{HzЎD+C%-ϐeTד_znf"0FBb,"0݂wRXbކ,ox5>X]VɅ\rRhP0娭^Ә<K)N
bUW|RYS)TC
o<"zWc9e^*D1g_@bWi4gQa
m?w	
YrL쉸 Vk{zAŰ|(EveBT!fKϬ
&<G"IvRp*~hŰmj[f\CTΓ*\PU
E`eߦaH#wRl+#c%wUٶ 7g)׼_EƐȨYrv""Tf%#HA@
8Ha(c(9?LUŽ&[t.`eբ́cX`"0O|H<Ȁ9*Kt̦!s砻p;S`NXyC\6b^W""m{Qx2}[АVChx=kpJ>'fv"kaNVBnIC
lyp\݂.59epUŃ2ޯHMaK?10Dl(q@j)e`#QGe	^a^%-w\ú)/ 6T8oȭ2,X	wYW13""V""(D;%v$U=~GAh]q,^afkމA{#o[,dt¹b VD"n00D*ߨKi#凪`B#q6Ks/on]Z+6n5
`F!phj>V%z`H 5"0eVҠlSZm8?@ǡ.w3RW!m³xb'Voj8݈'X,47l_KaLsz""`)Ƭ8tJ~e+h,zo՛.ebUrYd;0N!GA{ 5v$QOw:G榷ui?F:'"0?!)BPzUpK=	S1:BPz4;e~e@\i~x:tzIbPА""EX""TuRaOC$4:e2kĳso@&௨,6)""v9qu[,krQs4S>0l3p35/gqԲb\}&wSa4
P2g*%K˖eaTrs6ʔ[H*4C[,1""KОt`ї5"0=}Ub\^,Ѐ&]*z4>%f%UX#i=p}#lXiGMϛz*Tܦ"p%)-Fqֺz%=wUfyT"}z6Y#?"0?!@^H1}w&_ԽBfS%>^)"0݋=%QP>sJ=J%"0%">`Z]J8fZ	k7"05-JLfРL{.'eh82YD/Z<N#5\eP!n||T	
A2&PwD_jX&7NQ?b%F9bTwhQpVb"0jY"0"0J{"05	,.YC
nA4/~%e"""?+*#_eʮCxLbLv6KV73iPsLe+$"0W0A?2rna`D)Вw}ĥbqgMUG[Z*$5C"02(ܿV̢@:3%uĉ@S2+^Ʊ1cU,J8s""""=zzzu>7ٽM7=~"0"0"0"08ugy`[GbV!A]%ݙw㤴`_<*ʻ}I[Oڙ^O"	"0tj6c쬼!ĶgeZn"^N1WߺOT/U Svt+p=_:eg6"l]H,&?=&{"0?+*؂-{o+2+x=!j.B9vZMlV*,p-*lvb旓-@f@C{-E.,A⨳3Ts)t,f""0diYZVzgЃ5'z7"0pTAGLYnD4r#0 @peQV٭5@m.Oa9QM4="l9\aaSʎ%n-V)4PZmJ7x"0PAcJY	L(Uh;D^DhPȷ+OICpS
J̠D*$e*%FflsPÇzcԍR䣫s!\!(+"0!;xA;}%% yl4*9$p+qE;ɺ<%%xu2̨w"00"0evifbCx
v|g4""1tc|(>i!xBGf,݌>Ĩ) Kv	PdvG.J1!/nؗ]<Wu܇Wr']-:s+g>#g7B٘<˸+0-sX%c h[[y5P2oa],@87P.1(ĔS	.YĢuԅ,z8[H %Lr3rkPaK-rAP#eja`mkj[Nc
94؄k;u(R.Z7͠ )y,/{Jhڄ)a3VvX+v"0-ok&Ll`4`Ϧ""	/ Qd/s,"pKa1X",1jLyjql?$Ԁ]8ZWY1leDj	!WY2q48n1wQXa"Cq:"0rXDZ+W7ql&bDjff vy1MJ$lp.D^"0.ƂhPqW"WG4,RʔV-0ìZoC9Pl[m12U!x=fXo1u+*5@%ldAeuf"0ur""bc7cNk2ޫ8nXo8F}""ZV/4 qQ}-W1ށ5T{>	7qE!ʽ+Q*7
jU1P\,7} 9Wk+,iau-*A
,#"acwr%2jxfc[ps"07`O]Vf[CЖtj5Ɯ>@KTb""ɏ9"0@8EP~(F+Gyƾ3qQA/,_#P6CmH!b/P2!`F"0+pdw);f
veܸ2?3R"$."0o;|/d]ia
ks5u,&%CwKq@"0Tja~.bi=9ƃe ebP@/SQ"""0V&6L)+r<]qӂH&AdwbS"0TnX+Ix"0h|ku٘N85g]eaAݕ˂Fn"f.wV-	Í.5p!ag)6aoᙹ^%xܖ;&`>k8X^]"vJ(jي8,O;7,o"0%0qwp0L4>j[Keu.,z\WmDM1ӳڡt\L+ͫWXW/!12.p>%iM+5b"0TctvD%?	krp=n/?qL76AnBXKU.-Hcqa)O>Yj)*"0Wa36E"a"8v6Ԁ5b
ij&!D*F@#h@5_x$"0(
"0ص""BBQ/j0r/k)ikRS}!ff&<vV.4
S+D"")ҵ%;҅z"ZP08"0sRx[FBå݇#UH},x]cQ`[$}oI(JEYF*JM5{DC30"0HĮFbOt5q,j/rq.;:K2Y@Gimz䕊dqC	ܶ(j*iTmF"0"0Q>=z]P,U(dw!hj""+aj""""^W9"0SY7%6s+[KZLØm+"0Yy)9aIH0&xDkteC(~PᆘVU)Bh˹#e-Pbt]a:oO:cwty~A("0?à\]LI\r<""x&E	\V2CxH!u\mFT۫%:f=VEhYpjjv飘Dzb2}-K*$`j(D/s%qj]2Ȥ}.z6 H%l5o03z/_B=KYneqb%BRQ#ic)](4IK"qHzXv`K
DZҼLkߖPe4Qs!3<JI]1ǬfC0Dv]jsC˗@Rv*=""&n<ψix =iTrP7<~9.艢.XY*t.GD˃Ef{̓LDɚ'eܥrKW\<1bKeaE8ԌQ\H]<""쎗#4L2?	DԨ&VDJ{p"H -gۈQ_IK``fAPZ U/-U~K"G- .$j/\$D21r=1G0:_A(27eeGb@r\9R}ToObsT^2X~)(9ߙxkƠIlk;$ѻy\ Q(h-l1(+aK_l3>"0:lp<ˊ;c's*"0>I`Xy{4!~
1J*sKX+0/ܣm6wQ,QpFbM:תy߭"0K4&nz;?~#5"058osF"0?:q"0*V0BI""U7/x+GB1B#"0LAcF5s39mL·UgPЕ3Keb5=\u\\Ew'Ržmܳj-NV%J.\43`	Y.j.&)\#\ܠDbP*q0fK	kE"j21#E`S	0f-JFpW"0@e+ljAk.^@ĉ,N<BNRX
ݜW?n؁}~#3k
'k"0]nˀkct&""ft0IS] 41\8i驫KtԸ,""{3l݄ҥJǹf1ZoKPD7Э3`TtK!3ˑ;`7ngcAeܲL`e`<M5:zn\"0;lj`R-fj}L^!k;C3ǟ=श\ўD#DFa!\Mڍ7[Z~f\ xn'uYPJ*(EW1F 昶
/30\H*TF<(Ȧee|BFpEs$?XAtKw"0O"0ԩPh7xJ5{YoaFT -e +7Wۈɿ|,o189B?F5mJd,}e07NϱvUA)	.1( ND0!E"0	͟`A
)k߶`߭PSER?	zV#YMO2JF"0/||$e)&e`zwSqS}qHe{8 L6˧x/0p"q4r=8?mOWo3B}>w4o=OOih=8lk"0";"Andrew received his BTS commercial in 1974 and a Ph.D. in international marketing from the University of Dallas in 1981.  He is fluent in French and Italian and reads German.  He joined the company as a sales representative, was promoted to sales manager in January 1992 and to vice president of sales in March 1993.  Andrew is a member of the Sales Management Roundtable, the Seattle Chamber of Commerce, and the Pacific Rim Importers Association.";"N;"http://accweb/emmployees/fuller.bmp";"2254.4899902"
"3";"Leverling";"Janet";"Sales Representative";"Ms.";"1963-08-30 00:00:00";"1992-04-01 00:00:00";"722 Moss Bay Blvd.";"Kirkland";"WA";"98033";"USA";"(206) 555-3412";"3355";""0JFIF"0"0"0d"0d"0"0"0Ducky"0"0"0"0"0K"0"0"0&Adobe"0d"0"0"0"0
""0"0"0"0i"0"0"0"0,<"0"0	


	"0"0"0"0"0"0"0"0"0"0"0"0"0"0"0"0"0	"0"0"0"0"0"0"0"0"0"0"0"0"0"0"0"0"0"0 !10""2#A3B4$%5"0"0"0"0"0"0"0!1AQa"" q2BR#r3bSs$"0"0"0"0"0"0"0"0"0"0"0"0"0"0"0"0"0"0"0"0!1AQaq 0"0"0"0"0PgdmؑH\̲@1gj>1dK)*.,׳!_ʥH+RQ(`̇k1v%1)/_ay+7ER
-P\*R*)LR[kVRh$42)'Gtc<4^ħJadm*5CYʮxaeS`auoG`1KD|,ό1dX-lr"w8Fkb(KYU*ո3KC	3<xZ+_S,>Gxe`yG<}<O5*g1%
Hc7c[gYH2l~rY>eféSUhMyI)WiVi^}X`yχcV鑌b"MزjE%'d"0VOO{6-ӍBz˭ފCx셛ޤs3I)}q=;7vF`==b]09m@ySz`,"$ܝ#^	#ŜNO"YlpN[7	YS^l6"0""eCaPflO,Yl9MzRwP\0yB~`#i 
$QI-}HevK!ټ3tLY[CU
.Zje9׭5l"loTa|(+c<d+ybR\ ML,t兛3<[~""*@MDԚ:o~nMY9;ܴ#(%b٪`Zl+Fidcޟ7("ƒǍ]^&QE!nwDܾVyt)lW|$|1
=.^K7{=9kIl:`k[QB3ő|"0f=_#+Gj<٨m{GYsn:;w{`2g_4X|?"0"0٥P`qUr?"OfK[PWi""2fFr߸~hjM%Y-ŉm%Ox֕}v!φLX~r6aύHFxm3[md߻|q3DDA^@a"0d*&ޢ#tSKK8xN/bѮM"0٤.5R"0k""b4ą`kw+iskUGg\WX=6<SnGQ*sxc3&8V8O**pe"0XLi6QFǃcFw+>l
퍡3bj_8_sŹ0W2oCM6ƅ{(/uLvv߷c_誒yՁe=:M"e[U1ՆnIerdtqjly>n#dʾOȱA!Oͽy>滹""+*oBwboLVH"C>[o#[Nl1摒Q.;""=2mx#e՘JlC!ҽJ}}(vc<6j;9_'Ki5"(	#*@jcQ챒c3Vzj"09ڬ~A'?MFG4rTozkSXSheDG,ub'l&v\¼}=mV6s~549.U`x)r7SK̴B`|"yj1DbsYMd}JߦkWTFmB"|玀ֈ޶20,54(ؘ
Ҙ]f<`@5	"0*Uk	bYj<UjNcQ'R=
WeG2ieHFiq8l|^=ѻ*-uG9ʕC֧m͉|{J5|.qJ#%nSjo!CWtϒ$q@x*q615eCn/1C8~Kڱ+Kk'5{	$j6_)Nc	]"0U&uGq""eZnyxxڳK-rd 2w?gO}s%ʄOͳסkF"0qᏎcN4o]ծYKYTvGxCד"0LF|89"g1F@UvG	 y%@_ǿ;?+?.WW"0"0BaΎY>\IAXJ'wG""NXЬGe48
ar(,O~QѭN)wAN5΍ԢئQ"Y(5"0,Q(MAPZQj`,i$(<:""VuwDD""4nL'2Q^"0:"2EzՕ]Bw΃BAQcjQ[NON>thz:[SFYY_G++:OU5j=ƎСУ2}?"0"0>Q"NEYjtƁGSAASCG9"0mNLwGAJC!rA+:nCR/A8钲51@jQb"Xt3"0ߪ@:cPutv@YE>r@aN""Q= 􂷢	+:t礞7z9n	O4-ȕ\FQzt"0"0?\"0?\"0?CtS1u%Ty*-(?4։^yP`RB,|нTEV>⅛""
EBУ*iLb\w<v*K0ڰ\R6{=c/vQOJ&&\hN@FI#_:)puUܻ2t0>ؐSJ7~{q--E)QumUJ't-ꚶ'4.%Y1"0R4+I68Q"0jH6#xk9(G\ԭQR2՚ܣ{@jؽ٦8Shq5vw"0T_US!@Эm0X*Na]=5wԫP/V71;,<<\vmC+RAQ"S9-UԸuF|ԭSEyFKy<Fi$:5o
ċAވ%dZ+	фr>JBW7y\
vլ^J0	Y%scc*G*/Z"0v'Ȯſm}(o	cQ4٬j&yV	"ڻv jHk':bksD"0ՙv퓫U]wmLmH]3x
$-ƫV"0bL;;Ljzd0
G9Jy՗m0>_%)b$J!n.%h<aDY]+VFoꀉs@Nu""k*lsk	uzptG+nk׎Iv$`c)clG=o=>@q]#7<ÊүwS4}QeR4l5P|
7I`1uh\F$?:"""",2V{"0x꟔Sq(_jh`3ZXMװndizK/zmH\23^㇢՘ܥr-ũ>GvHsʸpCwСؐ͐7r*yxB<fpF4TrQ0qZmeH@xYi4K.QnLJh-زiio٤"V؊奪mӻn<	\=+%lL%;*_vMYOB6fDT-CyQ#)0iJD_˶%_3<LcN
qtqEN2U8/ިNkTFۖ?$9!J4#qSP;QELmO$Rຑ"0a$N"0QUҖF5v=ա;aYN7#F5ǐw'vtRrHC&@?y5?]GCd|_"0?!L⾣r,=38v4l
h?'e:`gjU׈FXrZgA?Răzר-TjtmĨ˟Zc1T!Ed'mB5:Ag2t4D'-O=>ǘ+:X[yq;ES':o*[q#D2ʶRsF-fj*}^Y:ܔy0?JUCkM73j[%jbBدZ>_gF2+eϘrL̳kAD>=Fۏ赏[TNyVԺ*WtX[;~EdԠR٤|G>`|N`;Aܽɨ\:MEb+ygdleS۸h5K<{P{W&HVih"0U}M7S?P;f}'%ZzWBj49"0E5K˷j8jcDxD;P3fL3"V>""_@Jb7'x:F'U":a+,&u/T3L1l:S d5uC;Y]&:JE>UQ6H6<)uB1."0Z}`?2%P@#ૃ=ʐ7riE[f%͔|K~\DA015e
W3kizxeF/FXڱ}lbǂZ`AK&
/Դ[1+BdW*%3"0D2(PV:\C"pl|Sjd
|FsmBW+=h7zIse8bqLvPlwH;/k81$N;iAm))xy,|r""\IA/.1wOkl	""_Sܳ"0uzEf~gr2 6+XLif@ϼ\5ʽSʷ,ۡ(f;T.(,s%"0yyg=Li{<""񜸊r~Q6g =XDxAkR<La5GfPp>/(K^p԰1k(g~3"jO67E""Ņ0"0^0XQ-ܷ75~f:',SЇ[!O""5dJSO%gY"0YbਦgY(FUlS%:J?R#P2K^#a>{S9JA7M`w.eikJ""w|<MNt>f2{3~<^pb
ڢ6rtqc1
n2 8ju"0p[Ĭbxsu0
"0+mZ.";qB""QQ%\@_S?Vd?>aQ:?Cr
)veSo:vtg-w2-fX)WVzi(ijMc^az"0IQ_K>_zv=Ce
e7\rMCGs)Žem$\j(0dӢi.&}2BP|l/SGi1"0'ꚹ?"0?!4AdÍd3<2E.xE21c,.[@[;gQb&!JQ҈bE}/.bEL9F_	x72nla!E|ܥD|e#je2L2EAxg`Թ~821FL :G9TMLa7_-ceQ>uhfSi"08sXYF
n'"Fa-(Gј>,a@⸥CpFԥobLco
A,F1cJYL.]ʢqq(@\p)~b1t%}:m,ڥKj_;*T"%:E\Ъ*WA<ON#gsN?"0?!0jeq2@ļTsbgY<$L*a(#b<Tp\Ը0W,H#UnʠTR	V75`G<:H]̈ORׂcY2丮@4r1Pp
J!#c	r<_ED(g	M"ΥkRW4W
HR#DXxTpTTQ&\XEǈn0ܨSHl\e<ORʈ"@ߤII,Ly*<1FW\>""2a*PV|<EU*`,78xpMHG|l\"0"0"0"0:cSPܨqSg_""h0)CYƻCO61QV"0:+hxSK4S5>bddXj؋oA3>S[dI&*p:7yS,|?0b,)JMJG84Q|w`bg^LuBl"0?+w)%=Ee4gBa^~ࡁ3;FN|܋Yf/=TzaRA,OSjLTB.!b!,ԙ\dY}ApoA+R-JaTqv-JXi.Z@XyIsT-Hvg%uS"0*""}φ/ه˱"";`4e*?^Ya}PcG j"0ik!y|;w<Qm#Z6}$º"b)L7и˰le[Z
LaT-F"0RQ|#0"}@,ZAV[#$OUa3zUjH1q(4{,2.?k:ɌJڬxf""McHtKpqlOc1qaȘ'5Qrא xT`NqZ*#Β@e{0F$ 26UmD5@0="ꥲ&ݠf'"".3DHmmJ.=ěG7}a01VY9bjQCUkyy""BtȪt$iW !X
һpPP[ף0fRe|"0qųYVg[#/F;UvA8LeX+b"Yo.Z8/UdȡjX6LL\T<"0P#UBcuA~&8^EPB+Q5G"0.uf؛ƒ7g*LelƠYFOQChVc@Е:G]ؠ=}^AH:?-!YKc O7d@U6~1^ʂ[×ErZrU?SEJf*+\>"0̤Xj'^aUpc&L`RiԱC"0QVx;6z;}""@mH=+pN5I,)e{̋U>a{KaQHzE:$q"0:n"0njm+BB0ĂiJldPu="[$}B7!kh$'D-k2ZbJQ=
VMn@k\"0m{b3A""S~e@&c:A;M"0&0"0UbSDAZD[1+ T4SJ0<r!thry9va0[!Xk21Y<?Xd@@-ǼR+д]WiCBXUV]~f2m'"0]"0pT40̘)]FkM*ִ0"0>/g"1eV4s>kQEi+Yf8cTpyn&5F;Vxe2Cݙ,0\gF~o+ʠ].Vݎ=.{J&1
6ŝEj+CQ1%IV]9\ĶR}J5(4]*ECoc>xt~OʵT[.Z5w)՞, DaD	Pc"0"0LCn]~/H`TE{w2""`PXY-Mmb=@@ 6A* 1Azϼͥ?tB$X՚3@rb˕;Z3/驜PFk&}lmI#*qKUW]r~Ĳj`J#!L<*Ze:"0gPWcG*v.MLL.e{W8*""ێ-lOb7=!,B_) rpX%\"0BaqKᅧTYP-Bйx/Ѿj᲍3K/,DbP	,qudt[jž&//źJtd/P"A9</0e+؅{Cϓ&iM|@hհV3.`i)t	u""%n{F\*j'`Z*5\a%],3v.0D~Z"06t"0&6;I=#+6>ah} 5#!}XYnn訁KU*.i=zJ*:94+*ܦ_p+;kh}b+Ԡ`MhOEf@`䣈M"0&Q`1XUH.R]3a"08*}A/TJM kv@ިyee@"0z=ۈi-}BC$k"0f+"0275Q==1%o-Q=y>/VԛQWJe3xv舸joPRXܮ9+l}IMQbu)tv<[t~y[i]FBE
ӱ5)u@"J,$L*gKǨ: {bz,6.xfFMSQ"X{aPiYF%TXB7Mc,AJ0F57dܠ"0iDo)xHufK*/|=""L+]&4i<xi,~LeShɦV:?;/P"0T'ZRފLu??[Fn5=O؟O{Os_i"0x"0?ޘb,!؈w;7W]ܠ=D[-eT	Y$T,6U/ܮK"2K2hLQX@87<e:Mp-P7V#^Z""[Ų%Q]	CFWiKcNT+ع@w(
CpjP*r"0J`yVJJGÒ1P 
w,۸PT\(ij\Sd\SH:A5ŨI"V$b`""aJu2b^=FW<eŉah	rP,nᑨQr㘪,[كI[ܦPq6nb_c=B(TiC
e>$lӨPU`_P񨎥]mܣo<mғfJi
H	'_s/BpS-[bIF;̩}PV+{m਑#Į%J 3
F bE.w|4J)\(
bDŒa<((<Թu㊇b%k14Q[܃13*@ģFJwLQK	\R36L,$˸
*(4<YbdT\4&KFXlNtSuN/'"0?0,r0]QKrЯ)-uV̓q#F3Mb=Je;E!^;}T!f"wTT~^!t\3CK˖OXapB6-	TBٕ!B'v;G q؆H&fXyD4jQuǗ)Y¸rG"0fG2M.3xmb/k"0YjX0("5/3n,^`5;HT<L&0i5|35XFĬVE-1QJ)`f$qޥ	:΁G*5$DIR""2q9"">ʥjQwprNډ1k8c8%\aʷ)eK F\qDCgLc̡ba*J>RE%(Á`U̍fxkPG%Y/*>\(4K-!PjYfHcdf%2T'r"0:jT6T113@7+5LL!x{9%q˕(.7r5%xSYDe4"",d=Y:U6IYH,ƷDq,F0D1g-7~vx/c"0";"Janet has a BS degree in chemistry from Boston College (1984).  She has also completed a certificate program in food retailing management.  Janet was hired as a sales associate in 1991 and promoted to sales representative in February 1992.";"2";"http://accweb/emmployees/leverling.bmp";"3119.1499023"
"4";"Peacock";"Margaret";"Sales Representative";"Mrs.";"1937-09-19 00:00:00";"1993-05-03 00:00:00";"4110 Old Redmond Rd.";"Redmond";"WA";"98052";"USA";"(206) 555-8122";"5176";""0JFIF"0"0"0d"0d"0"0"0Ducky"0"0"0"0"0J"0"0"0&Adobe"0d"0"0"0"0
""0"0"B"0"0"0"0"0"0/V"0"0



"""0"0"0"0"0"0"0"0"0"0"0"0"0"0"0"0"0	"0"0"0"0"0"0"0"0"0"0"0"0"0"0"0"0"0"0 !10""2B#3$4C56"0"0"0"0"0"0"0!1AQ"" aq2BRr#b03CS$s"0"0"0"0"0"0"0"0"0"0"0! @P"0p1"0"0"0"0"0"0!1AQaq 0"0"0"0"0ԛ*s:$2LkhfL5XL}~&l<$2VK2L$/:lH/pRϹ>n^Id&I䕮7rRkA&D:$f{s$%,3si^sb,:SEdyTC\l8XZd7Vm6dI3>Otn[%"KiW8.z28fDwM[^G,i<12SR kυ8&dt+%2ٹLS$iSE+jԏJp^~yU$*Fncft4=.v+xbA\}N;"s<K?d`cTT-]Q0P*6v/,44d~zRs(;j4y!ݕ٬5S0P)J\U޳	h*277ӳvIgϩ$T a4N>wZ"j jUئ9&-,83q"0jfK@mjE)"0NזM[cA޷Suh2.ivU7d/^m_e|Dfȍ/3 pƾ>C٤qmCzPa8xx&wKhR^!""TRv?;RZEUa8
b_NO#G]24~.nЯ>8bhX1D
њs,zkSPB6d	$%޺ة0=N}㞟.y䫰6y/x[˅<Z̋\홻gI;%MKb4񳛻TL:%Uρ	q}6sCc]LftyC~;җ7H6M""o}n^#Lv}ZLy"0:\"0"0ڶ*a"0WH3k,=9Xl~D܄HB
mm2:TrpL|K5Cc6!U{UGRkVz~xb!^VFkO<*766A;q-h
lS3f|ZEP49P8V&V\\r{c!3hy)Tits}Xk}*2.[+Yq RvB2.6̎Ka.u!z$ccTk5^i=0NOj`oWp\ 3!fߖwRYzHSE3J!B4y"✝5	SJ<RޫX\伳^"0*ZnUckTo`:ĘU3Fc\by^lKΓtX,NlҾurA0.4"0""S˰a6;UQ$jZ6`v֗i߽A.102yjc̩&FЁ7!V^[b08d{Vrk
j?ʰN<>8Kd{
.ZcakvV13w%8*ckVsBEz^;ثK8;SN>nVrEƍTc)ǐDW]Kv95˄cD̓׽<}{߭>Kw(9cd"0 Z:KZ{#Vpzk)ȹ.SjMWiHG4^ҋ~""kѬs5C6eZ!MXL<I	2V.4)yg	"06^1{ُ<"0N
5>K׭J.K"0bܕ}ލs^c
JmzϴrSre1w2WNیQkwq^6]dp/r""3N7nZd˦򾼩LJol튬v9oo 7*.p'˜[
?SvstQe9؋@H'h
T]erh˸X.CpF65"jG;<#+uQ>I|uWms"0*_ǺJ"0"0!w_?-~;?"0"0X,tQ}fjvA:աΙ+zVzP-'=e(tFSVpr镝A	wtPg:քZL N[15KY:nYXCL/OA
0D!4nXP=(4:'9~#IڰAg
"0؜L  PhTA<iQ@&ƅg:\T9NN쳦5jc)-:wIArv^Ƅ/yu.[t
0b,iN9;wGP5`ApX+j0(ۡ@T!>="0ވ"0"0o=MoP"QXƘXX[VŅөMĶҙڈD}	YjƮEƢPjQTC(SA ñf׶[(u=5~$M+ijgJq&#M"~r=0""XD""""I	4ike #$]ʍA:wrJq@aNQ7F@z.H9_+"L		)gR2ܢ섫߈e:""쎀DXXȄ	H'|rڜՄ""DPqOvD,,-Ta"򂇥"0?&p&^_65"0?}b,3""0?ȴ|ǩ
Wwg̟HteqB<1H!cܧPfaf1r"0\sP=r˻1G_SxJS|SܻnAlUQ"0mDX[~*`6f2Yeܱ.WQ_PԬ~^={\{Fs0nRL#XKMrFڹ|q=k38+ƭ\VdQk1uSxP]eE}#?r,Gz-V"0uzѧBTkT'kBvu17ؽ1&Gq\VvF"0T'"0̞+ظ
k	läi*f;&,\TiN血ykå	-ʍ. bq&R!l#tpEw)/rJr8}Rj
4O8L.6ң';˝ve{Ѝ`'|-I/+эCaS|$ciB7w葋}vq*2AB-j-ːE;k~J&FH[ڎ˓.i$,"0h..;LIrVad>Cz,*c૏z f_ֱJsK6^ލsdVHYrqK(ZyP/lBj0"06HoN`u땥rP7&=ݷ?!_cjP)ԲRL95Z&!Z|Z^	`U8k~W`	'PcmJrk~7؜|"">˻;:=u	eyJ*XјCU>`ȧ\rPyaF,6o
qfi%z_IJ""0YG,iU$i˩
#p菶
}O,nuiIw$B-x֎Rc)Kqk	58V))i}	QQ6=@c5O""$wqXqӿmj-NmɅWrZWӞ)Ъ2զZX}5ͫ7"˓=,j72JO49K%1x<w"0V:6`h"0ɕ0i?O+ӴѰ݌<H_o"0u#G|9oyCyBqO7"<@zĭUC&#=Z}"(T3ch dWӪa̰EC3B7DX6jW.`nLۖ4ilJrq6oKGH1|d#_NĕPaD{%Tjs(@{qc"?!\!du~W$*[ކYLҩ!'ŽHGs\;3^ D{͎Fw'"Q=(.;
r
bٜ$̷S_Q/ûcY%zI)iG֪Ӝ!/û"0^!u*~>"0vfІڣG){"0?!$Bح-+ED^4bLN-Lc%e,^|yi{<3FfZ9j\&?"0$ȠeޏE]
>1GRf`.rKE/̡"08˱R#f@8G(cW\ᕪcZ\dJ,m7Ӌ}OQuMK'ݜ΀WГkYEj[yFLt<jUbcZ<"AP5-.وy	30GԵy0^ \}"0t&MY0님b*ˊ[
`.j-a{zqYV,"Cz㶹Ϲ>AQZK@0![2!1p?yV&gk#Vq1X;әY{(刯*	Zܪ8Z"0eH=U?1r"0`5"t"DԤjI@oK;/)2GG}L]jÅ3gzxj"fV@_E$v`qR'&!FMP["0?|"0US.p7?q/aJ7:{v<GTQXڇÂ8k3L?4nhxM[YL*`.ogjʠBa*jdi;.!AK.'}،sxr}pΦ.0"0$Ƹ̀vjL, hghg6mls_x"0<"0qRuu*9|}R)y9@-|W3
FCe4	@AKzE'bT&sd!tWQ\vrv6"Ɩ==υQ"}zQcW1a0xc2"T)yx\	ghlԼ?ptQ1|v"0ɻװ5ۄs$J8=!答4Nw)q	)t;HND6;֮MEvFV h#SɜERnضc5KkEr%x),VfBxX13ftëk"\Ű,1?bgsr[mj;?3k0cØ< ;'ysec<'ǡX]?'U՜veBzA#T"0"0+Φ淁pP?L\G2&ݓFo,W:y0&'>;Q'B80X]voSqF7}2(ra[w6-*Bk'yY7
z&)p]ȿ,ćE\s<ۓ';Js~fW/Tb[|zw1ظnCAQNm4#M-qJ0Zje3X
: ]~<2TǨGP]1Ll%s2[U(ަ<Dqұ"0"0]ve,0wafW
"}Ɩ;D"0:ɘ!1;T;" %m8x7qJ?[SuYVsy|؏/®E/V3f԰4AXFrv<h#/J"0s?A~U
unj,
GJq>bdx7;X`5{2BnktWQu~#O_Ml݌?~"0?!_H!._V b>pJS$:zXng_X]ݐBf].Ian^:;]N}s))}]Me.7++t*gaҢ}tAS(Pt.O*'eEq
,m%Իŉ3T9P:s#27E}WRIf/18QRDeX0D$$Czf"0ܮ@Cr'QL6F:1ыjILJDP7J*C)P0q&q$#h.f r㸽0\.z)VlI,v2z=DL_2<c4:Xs7{j%f"0f-Xo"Nәu?"0?!JԹp?U:T:\_]HtN#fJ[uJK%BnJ*'tT"0u!JeӃxu^_UƦYyÜV,gO(/%(baDI,t>iq.௢7
&S	
߬ܤ/A}BW_w0t'1БcnެE[sazps]/C?LJSrFhMe*{u"0U}!ԪgˡSzM	CQ,GL&}Aj!c:]cbthtESHJ""b3ָ>cr/c3,]a	\i,@L%wN^:çhO"0"0"0"0,/* 2HƩq$	))!k:BS z>XE8t"0h
mFCw$<և|='xĦ{v$p$gM-v]1Jx
$S\J@7rx;5N*P"0?Wsd켪tJ6l"0r@~@mWҁ-қJ++y̹9~%a[FRTl+adp*ވt|GA
FXwͭ4rn`6"0P]>f?B#v|;"0hP"0
Lc(		1⸗tK^aQ<"0"07AR]qq:PWX@dlL2t0sFänP޻"0FXDxaO,+PD""0αQrn"0*{>HiPiO/xa֒p3u)41-خY.JqO_ Eڰy䩓r|#""`W`;Dp(xr@D ,(n?,y.%}+~(-e%P=LK^t6CK+P9+1+tX4pͤ0iH#T1jT\~Ђ짛B
]D)I~;0<QS&}tY?5Pň,Xa)֥@.88EdD:h!B`n"0PbtyRژw'btbU3RsT*)vaX$%"0k02kDWD%{1}˹Ɉ4\X65UJ`d^/Qtѝs2LQ"0EعLFUY`bqO>jk X<dT+Pu4><A/xte.T1cuVƮ 8E'j1T8
1igcn;p;kFmpupۈ{ q+KE7μJ"0]#B1P
w[c^i.~.Dvlj2lx**2L_ǄKV*I[΋:+VlTjKB+L,(Gc*+*͖j>\vX"0)L݋=J*Ǟer,){}-F0\<GB5mT}5бG+Umebu"(ȲN?dWeр]7#Na][t]M SEe䵳FFE[c9e;@(fꪍ0˯Kƻ 
c1pVr^"0x@Y{?x|ݕ<T"0ZiXÓͧE8<Bh((6@"4iNo67̫gh+>$L5Twv-C!uV8Q"0{dY$ЋսBfrXB2Ɯ	/Ű`X|H%,ojBv}!D6.IRSƠco,Q#縘Xlkk`6EEzt&|㔾և/],jXU0g>2#[kȑ慎u>[+,&ֹ6b
k1ӻ*)\
!>oLsg,i-̹PajS3n|0/2;temp"0d
_ɇ	"0mjXA;*/2U|KGe)mA 0x?+KG̾*c-t1YYkMEƦ`*`	YAŒVuLiіvSزفB12c4xBV*Z
8	D\ ^'@YVp7[,ۅ-B5ƑNC)^VS,j֪$DiV
;xHT A/D5|b
5MXY{*6/f'BjbS@Ff-1k)J"0VEveZ.xe^UZ9G[Ed c1%
or3`W=*,譴,"$%9j)yCr(Y婣-_n۷\f:Ʈ)Uq#VӰ"W_IفjZ`6"/!lho|GF8BjYC{ܮAi0ё"0.o7- 4([
Ӏp,WA*Bb_D]ojr~b"L8YmE-FPc0 f5Uo"1{)U +b.qZվ.6Y"0g[J5,LF
1x1k𻡶@KK4!T.+ۄ͠9npz3v2He~"0}7i)vU^O_!RNjXAae<9Nhgâ^CD|ԗ$biM
 ,P!`iYT[TPQXvA*ڼn"""0I@ġDȪ5jݞ("0eǚj΍T,
%Tkp9R5`1EO҃F,[9xOcZw"0"0oaLxoN
A	Vo!H>FehXC\b"֡lY[N"0wз(گP)E^
7GT["0a׆>~_yCi⡱|QΔ"0h` yqG?\EyV(ͥi)BBҭؙ/lYt;t/"s_S_SO'"0?̮J]ip+K^
""knΧ*8C|J	cr@Bp3jK!}	1HgPRzehdTZ bjkpX7-r(kFʗ5ZTvHM7(̲K*WA~8HriEԡ3SUCqYLh#v[yDDQIuj]e+sdk[*Ʋ=]#&"""qsiv%I`A\,bR_N|5H)(1RweF̉\SYqep
k!f"00KLIL?T,aeK&M:ʸr'2bW"""0<e\r#W	ʢD:,6ьc_%t.b""sG(W11L0~a#*YfZB⫔Vxe|K_N%x(%;ɋCQEa1Y"0dCρW"0ߎ":ZGc\1%ϦZj+NjV9׋<1.RRwhfL3/n<Ŵ{*m8*6ݒ*xeŖ-'3Cln-]B8B{̪=fYerog'V}.^~:6=AQz?"0?r-o\H_햿ECdũR_F8Z&5	֒]Jj5.3DHm-avbddP<KE(r"0Z>sn.Jt(6薶KOHn<~]KbcG>`V1fKG25KY B.)/-a`S2cFH-#B&0	=,-Dѣ-C%0*>DK#q@`8#JX$Z[p>B""UBȐC5ɉŉp8#j=P{T*0VTA!q@I_Vg*@$>K7z*j
mL5ٌY8Ures9sMʮ-;0-Uv1XM5U\e[[SY0.Tn@R8DW,bT[4KbR`PZ""Y$5XE,2MSqPr7
b0,VHX&њ`P..P/H+nmQ	=!&bٽ	r%P7P_г
EstXt~`;0	i8*V<O8aC%)VLEM?u7Mq>sfs6'osѷ"0";"Margaret holds a BA in English literature from Concordia College (1958) and an MA from the American Institute of Culinary Arts (1966).  She was assigned to the London office temporarily from July through November 1992.";"2";"http://accweb/emmployees/peacock.bmp";"1861.0799561"
"5";"Buchanan";"Steven";"Sales Manager";"Mr.";"1955-03-04 00:00:00";"1993-10-17 00:00:00";"14 Garrett Hill";"London";"N;"SW1 8JR";"UK";"(71) 555-4848";"3453";""0JFIF"0"0"0d"0d"0"0"0Ducky"0"0"0"0"0K"0"0"0&Adobe"0d"0"0"0"0
""0"0"0"0t"0"0S"0"0/"0"0	


	"0"0"0"0"0"0"0"0"0"0"0"0"0"0"0"0"0	"0"0"0"0"0"0"0"0"0"0"0"0"0"0"0"0"0"0"0 !10""2#4@A35PB$"0
"0"0"0"0"0!1AQ"" aq2BRr#b3sC0S$"0"0"0"0"0"0"0"0"0"0"0!"00@` Pp"0"0"0"0"0"0!1AQaq 0@"0"0"0"0ꊟxXliE{*ɧC82ns$-m8og,nֿ~g.kZ'pu=K8Bj=z֋3[n5>:50Qtĵt,;Y6''W9.	/F4R(aggա:`##Q?;*4iV#;.WNVN&bV1=z%nV)Şf7%Liн
k&%ni1fcuZ)IcNm<釤yu4R~2n=cҚfƸ:("v>])p;Tm:PSٳnizјl:ZbQP<)FZm]?Lۓ^X44+Ir7H5˙vnqq8%?O8k7)ۘLrR./s9gfE'-V5Ɍ-Lοz>hff1SORkm/x=HU&1:Gj;xv:ͳz}mq0%fs[,jJ1npĦ<KOcg&""Z2upߟ)}(9U$t[tg:Bi]34{s^ͪf]WJ&a-{w']tnFYU)IC}>M 0հhć}hME.3/x'y_`T¡pު=ev{q/Ab	edu^sVyJql'fKY[!k8"0qSYn{䪛sTjH&L6䶇]Z9nhVƖfJ9TrtTf	""S}Y
U6q},Ea33sb\q+t>H	~Br#EZk.cjTBeU.(az*gpp%""Sh]3gd5ȁnrdJU0	U]UVl^"0"0>+
LQ^ĥkoc""DOe5WnU8HTsJjCjkw4+OQǕS"0(?z|1A<9t8%xEYA6ec0K5O]bx̏lkl&1W*5hMT6&'>4-cZ2!kwg,۶roTe339c|Gy-ګDwZVWegT́l H&R]f#}gn_+fC-k"0_sL`k^+sZq4w-VSCgP=טk	cezZ
UJ
蠊FbQ'Oj/]쭷Įb:3UB@:+^["0CMkD-W6A?sY[lQֆ
ۭ^9U4E}7'+J""I{i-֬&A9v,TR55Ms:Hݙ8hpTyCz]ŧ:;?I[xɫHt6cCJ)-vU#j.d(أeblkJ{]kW~5[6+:EI""{}Tl*Gew	6X&w,&sf"0ccUW+gU0Eqq6VxŭƵT&E8m-""lUd6zڱg*Β"M}-u'tfzZSWXV [m^ݩow̱b=T4GArPΡXzȥK<@Iy5j+6)5p%5x'W]bݑ37j!sE_<"0&KL=C4,5Ws;j/{'[hJxVYz$ܯ|7v.d9LOյeo=~XfW?Mg>Y%GؾͮD+c˜י_40nɯfƷ"06%n+QAl-wse1>0pT0VեxkWc:mI_&S}*eXN9;sN>rP0H3jȞiw_`s_;;H"0MR9f6p*ϼ"0?jŸ"0oS8v"0"0"0"?H w"XX@˺.]"yVyNQj!2E/	=Wy<㌣Ev2SM<ar<O"YGIL$啅,GZ,B(!yj=YYax<}PD!u4g= eׅ=>PCG9?"0"0C2C'N:rфG[8(0!S
xúX@n0Mwr@ڂ2&Q(ƾ% JtzD/BNpx(zC7@FF1榹eWiN}2և4JJ"j38zgc+6FM!C#:.Cۣǖ좟=N5J?@tO>A@+(c=dܝPG<8pQ8E0d?L{p=W2i~F_"0?Jn"0?B3ufCB71p1'"0"0?B#,tsao>rTpYQF 9My7 p~Wͳ(^^0LDoful.Ձe'0
Щ˟bq"0y<ʠץp'kPFmܴI.h:f}=xsmeYA5x
;IFiuưy{QZ1c"0-](5q2)ST&xes}to!m>W73P/%kPL>rVF	sǳ
\Mzᯱt'~Uebn\'lE1cau(go4ͭ8z,5k{h/G$ee1џO%ҳ6õbHXBP-u.do2b04]zC˞Qjk❯wfԇ'>ܨAп7RnyМLjsw#vFB*mUXBK$Kdm.=W?+}ȹX+_RZnn`:+Tu4C@;T
t8ڢ(dl80Ø9jTr2p	eg7V]k	76\颋L^\\DԊhmj*kmG'h]SZFapd#6􍵂ͦymC+;tO;M˔2/ڧfyY_$	#좍uic5Qץl-D+m~jH)#rm3^˻b׮վŕ7!vŧhRi݁hZcZsf4@6L8Tӑ_+=k-hvsՏ::>g8V""tq1wFυsa(?-AP_@G*1V."4iGRbg"0/iẌ́qPje__l;i"0ys<w37INm4fzg9f/6}o>;&5jҪ9PO{t+I\Fn{ˇ&fUyz[bN䔜9X1"t۰jsoekfF}Q6Q8S4mj
s:U{ܵm9pڭUX<6ڴZj@sKH;$5uM"0kNM^3;6xwM_w2+YN^9s'I:J·£B7SF*;PDZ؋j(/r-*^dd`a'/nQd3m<K-+iMd1}k	mg}|eV}f"0o#ګhV-"0edG8gKVX\Z01Ƶq;DG2I,=Q9u\VS0Pt⃶YTsyث'yb|}C]\-[.v~݀Ow+@H=$?/""^ov([Kְ׼ÈY%-Y2f;П7GpdN{[nntM@rv[y37ʊ{Vo-y{*Grq?J"3{^,{1Z/qZ=LMé6Fn\/\(f"0&smI%NN݅?/OsaR/#Eyh/3Wj"0ʼKGμC}E?[}+"0?!B-fYYq\Eɹ""gmI^e_&""cJ~i*މbLLL2qteѪp7S88ɗ%rvwWт=W"S?F>*SA^'qLL|P^ $ع./;:Nkdiaa,Vib<̫"D{C)<E"0ϳEyԻV""dVzTdV/r|d1S23f~6 H++֒315xvKԴ9Q=.Ҡe%UTP"LPӗoc5ZÓC9㚿hܫ|ƪ-Li{)k.wpKYJ}nǉJ(@M[Q[0~U+pC34Ո0#A϶l	~""hf#bOUcse_lڸqM=i y9`EĹbWtkρ&&C+N#sL"0\w"03!x"e!w"g=h,܆"u0R6.f{̑]oݙYFv"0~^14N݆B#?pEvFWCʲFM[Ak,c' %W|bAˣ/"I,i-p"rߠa0J!yVd*/ڏ"0ij`o;NgoX]3%֣s}Qnc#ΘIk["X;.I#V[=sNΠEq^O5$L\7a9Wua[V?2V#Ō<;J-%3`WpxHB640%V4tX"vCɻB{@_
ݡüyƖs7}vQfy1,hw/giA'3 $-fN͚ʂ="0q?|?0ћId=K%/Z(..Ny{\rQv'J&BedbwYY̆o$~,/.V?0Ul(9H\Ne`ǜGs	]<bĹ(pOI<ᩫ9Vo@	Ħƫ>Nrg65"0a׌N$ދrcqt2\2r1jn"<f-x}O=:S$n\c9ryʌGFóL*3??3H0Lp 9b@Gd7T8gq=9e;=9Uf]%+ݯΧ6;y&t	`\/|8A&*:"0	EeQB1ʏmdħ/	4̮b"0C&bmyA|D@*""qK1>fn+郐/u>LQȖ``N\=6Gg&nh.@ً.0ېS]C(ek y<3D0x4vvv$CFEq[}!e%~`ٿwJK"0F)8mڵ^{tc
51	j4J|]^"0g!k"0v|0-eyk0DمyA@%	gUC#ڟʻMrer"0)00QW*}aV0AvcKkVmJ(Vw-yȦ_xzG0vYʇ>a|&YG=~~T?KOCG؟:|;?7OQts"0?!~CtuЗ&6uctpM:3\~)Iz(xK%躣ŹCP˗-QNSUr5:?A+`\'#Hʺ*:s
bq-X3Q.38N`ae؛Qe̖&	f1uM4(M:1o	tg@Y÷A4c֮ILn*4@:WKzTp\T+1
A"0K֥W@`F2Jr"0çGXz_[8䕣p/TbҥARCpDPT@"0Hi3"0?!]NVMOSgB""EzET
M1B'l!fV+rpmFVZ	3^ "0F:\.afWyK)G#֗"0z"0p\.Sza@wG=73qG38؀]+_ZMuEo-E.^h&A}b9qr""19IRxNF:BtX	WG鴚[tLYrTN`?AJ)	[L,h*J2ć)ihàq9/蹯zfmf֕/1;*N5/1UJ_BJ֐zĎ	qAķAĨʆ?~O"0"0"0"0!lN$FYN`9\LMPewO'wbp\\#Hr2J$

EEj_vZYRfEC}*9Dz3ׄFw{0~Ea7$RPdQIfy_*aէ|~	<ͱGD֑"0?PhTx̸3pRi9؋Xq(G5qR
^w3wN1(|&2d<w3BS>t^HjDsFoP"0و;[7w+~wǿ̰] s+&3iXtE`nTi8:p""jD8ļ5X%hv*[@\"0.>B`J>75߈"0/{N@@_+@^Îrfg{eO˂Fd3-h|Lx؁c"":I|"0Z;^V.-?q%Vƃ~|Ż(KVQ!w(5%ۼ<AѻCc33C)f	a?1u"0~~e
mUl(4caer6^6 )[Ld
ZYVQ@8;[c"0Rm1"(k""W؄'xF /DvM""fE)\vy.8F?<?""+밍@!ls":;WE6%Ueo0rĈQpEGup/%5RxaK,as,-nH$D/"<_\qEG6cu$f!f9S	JI2112x.P7&,sZ(-E5a="% W206zX{YpiaYk*Z-o6D4d}W0WoY%S.YJXbjL7saBYLdBvKz
"0^'q"0Bn\Ө0Nr
MVOvD(i%)*Y!21Ͱ,FK/1.yaTQP*.$b/xrBBٴX^#"0mLC6%ޯ'x(yOs9-~l9jb
@lESQЂ"0"0NYZ>ۂ; +ڐ"E81(N^+Eg3rE¼[qDa߲.v)Sӥbb!g).n" H5pxt9iz*.Z-8!n6xM=q]%:܁ڦxE%G/UVal1qdb0%HN(,!Dr.ʐBKKCePR݊@FP._H""AblV]lT~T"0#TG]	i&	4.óIA~I^J40S{}p	j9BrZ+
`"w3L3w/A""0]ltQj`AD+y?aec!)<FeAc0	jwa3qf_cg7l(CVAu
$0`M4^U^;K[+uS6Ki-,;@J1Iar=%ekgp"0%[z[<2ztbc0,&DR*u|خwT`YmF("0w[YcSW"0[恡KU1BZhfj"0}0վMr/{k3(񂄁'Íh-"FZȩd0"0( oFFLւ+Er!7tKc
jg.alНF{5lEtmZidi8\y0i|Þ9nb;sk<Nbyg95V\o>Z
#bVeP cF$`Zs"ޛZiĹv\'Aw]*<bq{cnU\/=ya%>ſf_>1BJK&e9xq&]l
V|i+NKUmSlwC®R.K	;{'j(uܯAK&ҩYĴoaō"03"0W>fW-aHcy)Op@"f!1MQ""]!IfX4ӃFMYǈi䐈XڥAy],WeJ;օT	[dڪo]AM[v6%C""g}&$8 9$d6%۬۩P	4Qؠ&ТGaJX B\)؂WHaq(tK2;ЬN.	n-.vLsbƸ߳5x[E>`QƳ}6cGʳ*f@*c-iR-S`R mO8*66ZX0}ؔOf	y7"GM]!X,6yXP	y48XY{BB;"" hCq`
;]J{?iY
@;mU̷Byw4~cT2Sos0e5*OqNf5l-T`<RQ=
cV!c#k%\
9}jK0""*EZͲ2YM"0Yʎ*|jUr`-e1ZDV! Ӏ,00+YC7+cikTpxU* "԰Q&GڙĢ͟l+Q4l],I+ܔwD=ޭU_Qk{,}TWcVP?S6"0Ϙ2h5"0O#9O{g"0?T,5UA謏53:t6Hfn*FHȎӦA]qn"0*""&`r֧1uO8L%hg2$^&	CsjN7H4/2`FT2*Us.Ɉ"0tP)y3)9Db̲""j. 3̇A3m`&Ԫ8ae/g:S4+l1RЂ	`g|"08ω)jP5#k:*J@9PrD}%LKlS]Ert=6W*F;Dr3}j7 Vw2"0D8*3A]N얯91EbT$W,yJmKM:`eoH(L6/H*PEccqttAY1D$GM@̤/@IH/q%nl
&%\I2T&VsZЎ!Bخdet\w"īԩn Lŕ'X!ҥĕ/%Ym6Mb!fZ]=ˣ)%taF1MM&2
+P2K*gyc\tfnS֦FrB^'AdSrqg"0?#!.J.fb:=	aˑ56p3	l3Q@s<`O~&^*Cĺa̷40&]fo1C!ᘩ)*s7;k,""Kqo1~ѿA7eلƪ/9P !`1fD/t׿ߥzET=ps*T:	F##''HDy[%b;魈{רCn3u:7漳k"Eaib&GFj`ܹda!ij!QD&\ufm{ɯ>eeZCZ,Cr4ē.Q=2""ϡpL.oY""|?"0rhF*m4 @TGx2ngT[zu6(. /wK,Mحn8qŸblv""|s݁fʥ!*j
p|8HZᕙ>e'P6S&%hzpB,4\E*Y.*yWJ0\i=/@Ҁ˖D%R|Q8c"".+l>LK
̯=w^WN*Z2QfQ,91+qġj%X74N#i Ycxi9_0r""%E1-)j=*WFcxCl`p0Gqzf#w"0";"Steven Buchanan graduated from St. Andrews University, Scotland, with a BSC degree in 1976.  Upon joining the company as a sales representative in 1992, he spent 6 months in an orientation program at the Seattle office and then returned to his permanent post in London.  He was promoted to sales manager in March 1993.  Mr. Buchanan has completed the courses ""Successful Telemarketing"" and ""International Sales Management.""  He is fluent in French.";"2";"http://accweb/emmployees/buchanan.bmp";"1744.2099609"
"6";"Suyama";"Michael";"Sales Representative";"Mr.";"1963-07-02 00:00:00";"1993-10-17 00:00:00";"Coventry House
Miner Rd.";"London";"N;"EC2 7JR";"UK";"(71) 555-7773";"428";""0JFIF"0"0"0d"0d"0"0"0Ducky"0"0"0"0"0N"0"0"0&Adobe"0d"0"0"0"0
""0"0"T"0"0"0"0-"0"0.]"0"0	


"0"0"0"0"0"0"0"0"0"0"0"0"0"0"0"0"0"0"0"0"0"0"0"0"0"0"0"0"0"0"0"0"0"0"0"00!1 ""2AB#3$45"0
"0"0"0"0"0"0!1AQq""20a BRr#3$bCs4"0"0"0"0"0"0"0"0"0"0"0!"00@ P`pa"0"0"0"0"0"0!1AQaq 0"0"0"0"0,yNƯUIeVhu8'?IIKV01ɻex@=	А{"}]Ia`-ejZoѦF""ٙ{ow'|IINEUFFtI0ے86W(O3R%]Lq=,k`%<ݧz2c1>J|m_<}|[+Q"j6U_ߣ!*ɍϖ2ʶ	ozUө#8jp9c=0+,Vҕ""CgN-RvݜVV1t*),8AF]R<Mz|bR6RQG2L *Cr}ejc<Qw-gfquۡbg\5 BѲvX`ݴSsnUU_S]DL	2fTLk}~igXYځn=5>!3)LI3F1Lz1]ȭSvcp9YOr9Tԓs5hw7gۋSnGm\< bSj+/3k[ruTNċTeYh.'E`=~ɡ٢T.DQP#3n'\>Tj頼_.UʋR«V_!{.NvVQջ:gze⶷}T^kQñ[hg>Jj,ErvBBםU-O14^~,9'/[rfxècSWjd.[VK|HaA&;x.92~CvTW@&'9xYVs<O?ؤA6;'ܗG`G.]"0"0""N>Nr2LS̮qꪞIVg?꣫ҩ""W-K.ǡ39]]w,q[Y%'}*2i䋬윩_:>gpx#zfٌjzx'T&BWcrnǼwoEu֕M1=+h;[.!d-4bFNoG{+Gi^6+mNJ?#V"0[r"0Ky=%2n4"!MepjD&dUjO;;ʚy+s""mr1z~c7*ɹU~3lSwjLcz/<SNOkC7MR*D8|%HVs4/ܾ=Ǿ.nvdpMu80)u~.6_!Zח<=	]ݑgaV+]s1Jߏ2<~Ls!(S""nIKё1B71y c}v2_W#RdbpS~>kYhnL532`=4&:r"0	u\@܁"0CSQs}=?3,xoG/b-+?NjPw/=L3X+""I-*¶xj+xXYbo-zk	%rRIl90ۭLuPۦOېn1YTErfEtL|Kx~}6jT"0edLSqjȱ#k5c"")]""jΰЫe 21+""-Xx\@԰lvg"|X+&-2q/J/ ""U_aq?R-u-E;ex3px5h?1jZ%5쏗߶"0ɪ6`x"0Zr[̮+#L|11WDOG#w[-|kqׅpXV;3}&Rﭱ/pޏ(k3=_/1x{ǹ!䟺D?զ*bבj]bkv()
YemMf:{̚wXm-,}bFC-s8vBXIg,V@`N+.?Cߟ"0"0p"0O_ʘ#|	o"0"0L=tad["0k4k#4Mu&G:YdנDs`=tth""},&7MwA%k1L""o)z;g75O7MADנAMkEQ	:/D5_xVmD7A鰂k4XbUzcANwMyŕ6==;[Y=ս~=-1#k	ɸzc~>TgVh&=;FO@|-^>́bGa"0*jM,U&"0Fҭ;c'"0W"0"0"0L"<NGik=4++huښټP4uk`0UצI4{Ɔk5bϥWi
Ni&jb¢.\τ7Ki؈Y3o>٧lZ|RE?^>'1TLl|b/܂!=&
H#P>:IHz?Ϣ\6Y"os="C+j!]fuПcWt6a	+i3;BvYWkMix&H3دRR4Q>14Y11.2U0=CtfKl4=P&*ЍEV+*%fcY(^[8يg#Ne~Bܻ~+"0?`^j(Ea!d_"0?ty<62s""|UMU0bo;"0?&	r@-n&6cmcn¦ɧj@`֠59TU{ũsr|W\u(B!sfӁZ@eB3$XH֪ңJp(\j,,$ٌi:mN*7$!I
g6""T@I
ݷ%
W"0&ԡnLk>D;	m5c 9#R`Pқw0""5$""D/]l" ʰ<&#KUP[	tOcӦ*z""Cj'`Pn
F MO>ؑƉ1;+sNp_Sɪ7̆3,Cɻ`F®f͎X8M8Lb(QFȦ|9a	cj>#̊_&:#J-""as`ܷ(eאp"0/6w]©w2YioT}"0lPn7KKDWf<>}aҿh%<_u`"	c""I[~(jтcOꎤCp"h""1YMsةI׭[.M{"0ߝG'\"R=̺2rd%rɋ""ݏuOu>=Km^`(""Q8Sf?UuĨ."0w5_lMU˺E11ЛxU]rt%؝ib6g]*J6-KPwé`2vU0;S,Yhmp"0	8<m޾iݸӡ_w$YqkNЄo>9Ab{Mp[[oݺ?| %ZOp6H\AmOxڅ"0a(EM[)N`_uۖM 3r-p 0#/Gv>:taP*qSr(:*݀NMp{CnT3{3kv1pbs(>Hd{JG7cnj"0YǹL@Bԣ~=]Ř{m"H̻`Y|Y;.~aSu>i'"0q7n{TXڷ4llsUEfym.m7XTfOfT"0Bv"0g5f~hݺCZ4?nKr}Hx*JNn)v`huNPݬa>J}]`2^Sv_t~`Qb""u,3W+|"EE~F/{.!-RX4>g@ݽ~!J\^LhQ'DH>{UG--cQXj"jV&(b6=ڪzP猔;
|gbpM8"eͯux(h#JAM>J=^z"0gf3oW"0?!\r;W+0i<V:@S&8Aiюg"0(1|-V"	e="0dv+u)z#\ڏY00ϫ{aަP/23],q~JR&AfPr*/f
_m<.+^%14C@lKv+eyqCMGXGaDUb#Ҫ2@PlT2@LLJItU+%w_Ţdee""q)sZVI_mECYJ`/]3)cXQUs*eh{ Xq0̓#Mʆ86"02] "0ݙBn0T&XØk1Y/4rJ@vQ%x=4j.ޥ+@s{}&ڌJ9.\ezXZKQ@|ڙXiJ^%ʌqև9<q'
ͨF0Pȉ?p}蔬k9;u-
0A\vPPĪ"}N-_b69鷸R/>=3""'!Qm½FtwюeE(2LBi`hk*eqP^ZVA"0QvVtTj;/|*:?؏W-5l׵BKn\EkKsڥƷ"0)kdP!:)nޯL 6EV2E-G*n_7]S8C]""[d3	­+yg ,ܚFEr6jc%"Ek"0>-Ľ5hd9^a6K<+I$&ګvL(C@GKGN؏eNbVb.\C-)y̰縜c!Zqp\7l0N12̄k-3 9h.W7=*>wSȃI~¡XF0RfYqI,#rdG/.FeıI5g.°c70ARaF#/"0)>0 w]e:K|ӟ]27I.Jrf@xLYy|Fpf;-Lܱ}){ڿqUxasvsy"05tƎbWƣuc!p9*OEvr4C&j	 SS"0Ph1pذժ#ZcMbSCmrw;"L׷RQil^?5WVߟ><XXswyJ+9"*>b$fD,GGT=z.Cg`2[onR>PxcY_!ܻI65j4V~fi)Qﳴlzղ2ŭÖ,&AY[Uk;r"}yӋAk'<	}q;OO~?Dw,9GM:[=O"0?!/Im"0q%\$j!,%`Xß9.!MRBE:`T\a.ek] jWCSKR)SIH%37K}TTKK\	sS&e:F_KOj]ű3lȀ
>,DL`U,k]X+n*QtՏQQs5R:*gy5C:Tzԥ:=DXCoҢ/\35x3rQGBʎE=IޗHbԖ=̳q"0wz7DscGB27D<Ĺh[""tӊ+bNʛIApjĴ[^"0vC?"0?!*I1t+)Կ0WI8̻BhE.("0	t>cW}CM21=ZIJ}7/.iC0f	_MҼL01s^@sTx}IQ*f+^Ĉ+z\0L:IN!CSAb~77%39\FD,ܿCSbpL@YFf
?UGdPh3,;ҟFz;\7pܾhr\
f?BʕqnCD"0CGb_WJg@DnvDC1D,j$[?""s78GGWs0(&g)JIq,liŸ¨*SU40*=sҮTQ9qr=BmʠD鯥tz|Ncis"0"0"0"0_PNi!&<r*yf"0%5ڷ
/ j拈o l1\"01g
٤Vֈ9Yn~$Ynd7F_+!UuU4D(خkƊBOǽq"(ZRs"ؖ""h"0?\ X3"0qC< \<q{K
v^E"6rtuG`9PkJT1D4jBe͗FM6K2-F"iı*႓E
ZR"0@ښGN˄BXd-}aCa-211W#
a<q1L|;v4"p7(g珢"0bQC`""zjpC@83_-2ۻKK`z0iߣF.m6#UWJտ7kuZLrYڶrV!τb9q9bQ;RQ0Am`"K
?~a"0QP'iS^& x{߆EЯKSuh*ipwk5mލ	.)J9ye^[S uXqcK)kNq*edʔҥ%"0vĳl`3lcטr<-Mȏ\TTX_xBsi|d(☕;>(?D%_%p\p5IcA4Y
۷ٯ &ohīCW!ċxqw옔aͯ\XA":s3 Rt|5\C?:/9Ktq-$1.u	B.lh
hfnShy {@p.PSV>L1(7Fj#(!'SFժz""idxgA< 3T
[VjՆ|"0e!.""lnd+ܮlBp"}EOukNݍ	"0P7{C^'bP[Os$E?*Ed L˺!'"068M&f\|jU7gtxOp,؋	%; K\ǖ*<ԧx"0ޠ%ږc&6B\XU"0bZ-*y]z:*Dv)O<}A7(y@j*y"0}[%TB}^&8ێF&_D(<DH`%5Jə`)QPyÙSWěe+.I,(}saGLwJMtŵB\l"㼶yTN|""v
QFZҐ1AQlK)
[@=7J-1P?X_DW["0S1Rw0PWqErG[kJP(?!92Ӽj棹!. `v1='SMƹ-5=.0Z8 d [F\Ň<tNH
:ڇP2fj/ɜwA|""3)Ĩ	P:eԺN͟;-M"0)zg(wxW|Ek+}7DS\Wut̷~!TJ"0DW'x(s""ٌ"0W\
VᬐdX2X`s6, o<@G"r/"03 WeFҲcIEF!Jw]!VtFCłVjXs>2|||MAxDSa&*wq1vGz̰T)O(H4E莱q)P#pV""MB'`ׄ8jzVbQI=1 ʘ\|j]K,e;dF1r̬@mO?t-%k-UBg'McC`p9G4bW"0"0k;{'!͛/ #_ϕF@nc§pU̋ǭѴ&0*k/\X1(5[muvj""ZRc(_S!<HʦלG.Gh߈w99;@ZF㍽ĉF4jJ5RthHՐ,<*gb9ԵYa3GPcA[`r+&fQRZ	8cXYx80Oqacɸvaj;e}ÆF̢4-#EroĻvꁝ(QغBՓ(ǨwݮJ`>{iV6)w5Q]`aiQt=BӲ*F!O+Yb*+NmZg>p\ydCqVoej"0k!|^"0Wߧ[ZaCCeԩ,ՕAKt	>64|2)q (nBkns"JR,"0ŖK%b"0ܵЂҠ{2qcQUtyvWE\]H%Q\A'TpK=
,,("0%p0AX̌!T[Y1,\P;(ܳ;tf+;O*eTWc8>vˑE`#@~}ؾE5Ú``x1!9dvtE=~"0?ѫɘ.+>%J.œ5K	*\lo}GRb.Cro3bP39.1\"0"0f""DRD!(Aq"" w堮"2[ih@bDy$ИlԦ^cm	qT@E(a p+{!O#:x<E]T·N)-H"Φ0Ԯ\""J8cJR2JN=KXW4	RZJl&;DV	2êi*vLuNBWETTzTH"=KV(]EJ"#EV]PcD/f}T.`Py2.fO2-ʌL9%"A*5}
rGĶ""q
n""(cw9]8ao1
qt<?G#RL["hoSGL,Y~p4-DĹd!(wr/M"0cLXs`~;W""TKŹX<Ř;LqFc`jPܿ#w#zgxw3r{EuϞ`3L"0X5-
entV\|üܾq[/#LaUZ""go7ڥKFFzfC""0"0>g}O"0?gPN=f<~c1uv""*w\(!xLjXwQzHdnf۔
H-h]-rj'&WL|xDHnԼ/++/fL`_rjL̽p*+Ta`""*bn	X|rila"",ELґKm
*SdJ\bRR%2-K	Rv,h~G,2Ӟ *X
v!(D9X|ʪ'q񄳟[zXvIRp1["0I<"00Ae[5.,tfTG^#.5Pe-UKMQ3rx1CilsE"05+HG1e*BLni#.lֽ#Ϊnc!yFFPԨAR'$
<1Deko2q=D""JĺбX㐳EQE6..%PE9_+YX)5ĽVجxP0 F>b0&yGa"Ry+GB"0(6
>f@ۤ+B(3@ћ6L"}Bmk%WMQ_Ɏ*""@Ɉe8'0""1RsOneZ'ߟuՐ4;NJόaҠez0X6>v)M0|K:a-cpP,UxZ
AC(""ci6Cӭ?4"0پ?:"0"0";"Michael is a graduate of Sussex University (MA, economics, 1983) and the University of California at Los Angeles (MBA, marketing, 1986).  He has also taken the courses ""Multi-Cultural Selling"" and ""Time Management for the Sales Professional.""  He is fluent in Japanese and can read and write French, Portuguese, and Spanish.";"5";"http://accweb/emmployees/davolio.bmp";"2004.0699463"
"7";"King";"Robert";"Sales Representative";"Mr.";"1960-05-29 00:00:00";"1994-01-02 00:00:00";"Edgeham Hollow
Winchester Way";"London";"N;"RG1 9SP";"UK";"(71) 555-5598";"465";""0JFIF"0"0"0d"0d"0"0"0Ducky"0"0"0"0"0P"0"0"0&Adobe"0d"0"0"0"0
""0"0""0"0"0"0"0"0.x"0"0		

				"	""0"0"0"0"0"0"0"0"0"0"0"0"0"0"0"0"0"0"0	"0"0"0"0"0"0"0"0"0"0"0"0"0"0"0"0"0"0 !1""02A4#35B$"0	"0"0"0"0"0!1AQq"" a2B#br3R04CSs$Dt"0"0"0"0"0"0"0"0"0"00@P!"0`1 pAa"0"0"0"0"0"0!1AQa q0"0"0"0"0VZKIt AVH-5'
xv`;nCtޜ5ggIw.8P?4""4@PՉEm57ټ"07AӪJ*#YVw#~H{c6o5/xS&FKd*"s&Fl4n??[?Uy=,o+GGUW[s&G#⵲7{hЍ7͎~aغsp_X' 	[ ""L^|z"0?\mO>pҕWsM<Ek9d^'+1#L8<a˯}iʲ˿k֮k=SnY!HXEٴniL{./I>*΄i6?G"0޵3<>Os%qi4qUktB=(B}\E,Dyd#+nYr:K@:UGE:n9s3(G1blS~GHT.u[/E}R	6W,$q8KoG@C ɐ{]V~[1*rvw}/DVv`P|"0NӨu*xg1;x#tP>xɊl; D5.%UG6#B{S""rg||"/^$Th3SDJ7h@D}U1Ӌsr){<n]%
\1y3pt7y @710ziȫ^_LVap.vYD A4r̫\ʰzv>ŕR	e
:eՏO3h @1m3M2ҷ~;2E_̂m^<Nrh洹O|3>;/g,{3'aW8DM?bhfW@CQj֜83dYމK@dtA&cFy؃"0"0Xq=`esJ)2I.1ٯFȜz϶^ᝈcPhCMߴډ)]epk揁L~k5޷òo临g\xm|Nv\FJmpa|gQlx|GuD,G[צTҳY)a.dohj9S0x8=+ o1J6,4$]77g-vW$Hd>Mp63	u	5`[Mod1\5YTUQk_E[ui$EyLρE5~BOXEQ	ÍטEV}zfC4>""9[.y,zw$WPNUޑfpnY")ev&S\ZnghlK	_n_i*ْIaYڋ+8V`t#}bZdY őKK<dl,|F׎Lm{n-kmXcmx}}cʎ""j;e,9y!Ȝu6ͺZ$tF\-F:0K)`Qa+"S#{+gܔN@2xF#K x/x!qo$UeEtbpS^P錓2lο]<~Hgeq27~-3C<vf0ۛ"0]{u,e5;lWf]![a-Y5'^{5Tw ug/][`8JH^."0Zq^"@/-N,^oPE4s'"^g0"0?E#.dJ:$,^3y<z:O_wpnls:l^h>ep|-pdkN*LnX{.ْK$^Hq2yrn8Qm>"0$
[Af[!*)y	}gܡlW?K~7"0"?pQY5ϳ"0C_"0"046=چ*d*(\kEӍQчhAWh""!""TΉȫz4 F'RA[V7buv=Iw`pDm( PjPQm4np$ĦD*#TSfl#zUsUR&8iUuvch@4Uu;d*hPMg'jvraE:S>-`nȪi (TAh-Hқbf7T;[=4](-StT֛
w@TU@U(2mQ5hr6M#ٝiQwNЦ"0"0ߣMoD#^5\o'`@&SJ.(Ƌ(P&
E
xԍA":"9;JhgsT9;Jl"0BU(E\(U
9Grt˺D
yۢHjF):^%2&]Gw(""ԑ@QR^s*SFpE4#DWt~*\PC*Gu.'4&+ĸ#;*4Eꪺ=ۉ.PCJtwA#J>qҩwtjdAֺQSGw'TԚ'>RLwMDm6"HQS}O"0?aL,qH%""40"0?cYbF#cq"0?r	ûv:8tWzֻ2\/{j<6:@)#]8,"hy_(ܚ~A\kF/gf;qm3e1Bk9ŀŽǈMIfd"";P*y5y~ݸְO5}K(Ѹq1A
f#)`1Pͅ5xlE4vk.;Cj!4|ȝd"0ÚpEVmQ:d0+&gڠ4>h{WQ6.3Fi9OiӦ+Љ%۫ىƴ
mwz4qR2jTekh'\*'yneW(=""nE¼Wnֻ>S)U]ݖ^pͨh֌Y=3iTR_xUQj'XlLO+#@sp(_MTF9tx5ii4mova+b\~NOqAv(M6IoFg9yef]1*Fݒ_۸6-E4,G-c`k"0?Kp5$>]"o>\<6X嚓Ywzߠi-r''?Jmm<d*uH"0B"0RS+V{V.o-""3KvkvHC{Dͦؿ2ྣӄ8 x*-CS*huJ]Zi&<Qh7"0u3[fktP!FXMTN\!J"0vϕ!ؤ/qsEzw6(N
g&?񖣉QM2/.ˊlp(:7i;6I'EnO`)WtovKtU	fp!A;ӛVWsOA4q=A8F͋"ˇ%"0pgph)FAF"0{q*9M;g?k{7<l58fˢSv}?QVUGͧ(;va7hWwsXylQ	""1"0?M"0̩c/TYҐf⦘izEXI-.⾃ծ%ZG4=%qFZ'Ĭf'r?n!3p(&S3*2"0tmְS]z} ?s&t'p'7+J39[zn""eQvOw5hxEViÄAN[Ģ"0&VôWpءR8N4๘BldTHh\Tq,!U2ixԎ.i.<%v^]70"0||	t㔟.$[Ê
>USSiVё(OZǿ&9cR SI]x䨺R6(uv#G-V*nO1mG+Pe\޵rkc0K,ԁ~3QQ4$ڨ0XHz5erVAnߢ7^phsܟk"03߼s6/{tē4u.mZ4ܱwb4]bWv/Qa%Fy\;"&zψa-37O"y"0ȗ̗iMinO}ըʸCi"vb8B	V~娞^{m+&a9[ixϧHIwwPW_$"0uOdJ(+"0?!Ö_a"0G HYPe?B%o1M"0v+X_UCZlqR""_U-~K<\g
α~pڏ۴32iᅮjXe+ZU	Qը0[Fit"0Li,}0Az5wG#r䍟gYCF_/u!6^""Vɴř[}&~K*h
&'V/jalkL]h3*B=70wAuy5
r[K;	d"˗ %̺^ewd.ѣT:LݑmYd2!֮4!_pohђi"0QZ$BYB*AU3
wT`k}P;+ЄC#}zla5"0ms_ܰ9c6 _:rx=V+A>J4LQ=Q|M劌٧
:,r# -;p&Ɵ-8i8yO~Th!%A][X3b#+4m#n N+/VFV{0J;"t"0h&;E5Re`맏"04WV_ļݶB8?-[8L0Dppl*gyl55q-^\QkUz.jg[Z4x#E(;c2E9+;׈٭bcrR?cm
Pe(N2&t)_DbKnh%SL97`kK-v;HN.,Fp.ǙB"0q\U>	-Fl0>f-C_=p|gD-v&Cô"0\nvd	$&ő^a~A@8M6yfR@ƀqe'lU*,KSGЏR86<|h3(;rS"0nϦ^>ēS2ϋZEjZ3Ѓ)AW6\DnEE%4[0<n"0"0A="0v""hJe&wq7cQP~18M1Y[rcTp+x}
1P!KKۼdL5vg-do$|}"^`c/SR1q_u?RA%̵r0]j*U"0<k7e~fRQ󏁙ō['Y"0?b/wVK+e,	7p/iu"0`@<ZbZk3'9.|@q(vֹzh^N٠vU*j%G(|K߷57;M0vkry{c![31GjM򿧭.hlESP0`L&cv?<F#	.+Z>`Bǯ4Lև/Y̸sXeSU̹fZNї]kYJlqt[K<!c"šoCW1f
G"04yRN3%~AZ_z1(t[q1b,Lܺω֢SUĵ	{
a]lǧo"0Otc	f~TݟG_"0?!z"M=]s=\ZJ;:vtp蜽rhL:\+C1<҈`\Jz)辆#1n5>3U"ͦWȘ8t=^X>P(:E K:Faur2hP,"0nMj R`FYCCk.ژ6T
MJ+pbGlT=z8Ps
M"0Ӫ^Y~jY@A W]K3hOdF38h,1F\YJoJ+(.UXtRra(ۭ+MB:J/^pBK41rAw.Bc4<	K}5ô VELoo5g1"0?!1Y/S+~De%N䏢]
,SufYKW@Rf"0oM?\'eס}U0/F72@̵3hJԢ:"0L1r&yJHԵS238:\FZs;%Aat/6ȂWiѻ"0ʜ&9._~3"0A+tXG0D6],0NbNgUFY^& q@Ly`vf$Fb2YK1rzAqp NͿ^L}cRb=CdHL4tA.""\JK9t0|Eŏ&|#"0"0"0"0h4
HpTթ"DCTd?""r0[""/ɲ	PdvP"0bV"0"0' 1y۵"0"0Lt"03"0KCy"0[Hx"0"00>"0E"0"0ȴ"0"0Q`"0zˏlF	,"0?{C20CЉ4Ì(PI>ނ@!5ŁS}V^\]F,lM""7"09Ju&MvFT6HvcVzR=ܤX
FM_7]p=s@'WpC],!!Ţ8EP"Z $sYjXAjuyDY-KJ5"0v6Xoܠki4}1wgH@^F͑(SSq		1KP""E{̈vV-wp;UX|ʚcmdJ:Bg<r5
*Mh׍E-8gY2;1V.Brw^*Ve`0_nM[*T 4嫖W%i+BV*VN%\Zf%6RllJdxaшyg3jʺ1y9aJK({QCE6p^+xJPAl"7*vh:Q-u8x9<|Wk
{3]?QFw턪q:p
F鲞x7zYѥ[Q)՚BWI0(:?^`q]BxeNob"0<ǫ/[-Fa^#M]|xc@6}38jAxKfM*^z2hF[:i݆d{1iaa"0x~kvQ1̪tTIىRm
}E3,2Q;"iC-v6#LBb e}^o(//d{%^JaUPd]Qm$%`x	YGr؎LSJ(T""PX\9]cViX_`%(ߴW>B+}P(2ZA"C1ݭ"0}h?""~;!@*o(g%E7NDZbc5KrFn4-װ?7b؀(ZQpbނkuCKl>x@fMDG-=j)be'I{"0ґ੺V3MExTs"0"0aZ[JZeFhMIyWu6zK+)0gj0"0"0;iy1}PZ0j4u_3/Չt(Cmn"0PD˴;^BNBYEiYJe`2	#ޑ(o"Kيevrx{[Wr`{knɤ"0"">]uCfӭth%`m/5D_Z~cNc	ieEuP2(nG,i5oz""tod6o9Z
ZV[q^HGfqnT!Qs8""Akd0QxJҭr"081=a!\旮_礌Ao?$ kfqw(Hq̗MNH*Q2jjԕ+-ue*@.Z5e+>%> 5"t-.n3:Z:W9"0TwۯCCi"0heV!P~#Fks(lgJ߼"0W\ gB``/I		-vb"0iAWފ0)	ֽ"0"Zs+NyKZ3(XH	*50jJU6b»h/aET23.\y
<Z)TJZ
[.^r/@ϵ
*htbMJp75(w*8}Ɛh;5T2cwŗk^
.Wi{ii*[T{~!Aiv)zOe`U)pqj#a4(桁F-30}3S"\Ėò^mV?3@:Kiвa^qo^KPV32vˡ6\hT<K@-)UqhfUB8j]2V7t*NuJJ<1XB;ňv}a)cs{>Max""0ol@cw+Ul#vЩsm'MIevKr`a9	8OYImp@eV"01Z)f"0g%))+xPΘ/*
n<*]r&wi~""+kZe۠Aⷳ_""J$p׋{0#^*""ya[bE\cCv,""-ib%VgZ!t)-m;=1ZJW8K9.hXC˦Uu%Po<~䬇]Tr7AwLO;?l?~W;g"0?ȉS"0DN%
ZVdQlTۿPlxDd聦8|ZPw&n@1unui#(,A\YTH[eY`2>:>,2(}.70vXYgA10aA0%.3
;9RズeB&%x^pF[4OMsLZ1CeܠfPf^Z]q7Q*9Z0*K""Fe13)An0~`i>e"0>
}Gf*&/԰';<(8}0ܭq]=*M"0_EqCc~""0H+A
o=Uz.bmK32e
۸He4藤, S8wOˁRLTfgYh"0"^Hq3wW-Dͫ>v(r_aAn}ji.IXKY^ܳ <C#A_KМnq3&4/YKF$f`Eۿ-Qi"$PLBYeTcϴ
{m\}l~cu6"")	fz݋B2;11.@3#`2cX̡zو,r<K"0n.	w`c5/ѝcKiK~g"0Be:4"0_Hk	{"0s"0jO?]"0?}P"Nbcf"0tJ5(}E<ubC}Bڞ52P
2,dY0=4t/kP0t52d<M!(ts'1PRHb1aK]K(B-!
[sHoQ~DG&uU""S2dzW/ui""rjVe#):+]pJS_@"0y/̴cV<L\%PvaElx}_ ܵ\_atH2DO"0".|[2OoV~CtƠ|8̊ܱ<voaBZ\{tAD69{bWPNHvK9򘻬
OlBOH%.X/HXm(lܡpō1[f^Yן?b1'`YZrY|7It,UzW?3_"0ccrUA=NC!̌_1m_FP;RzG#^&?Bڦ!*+.},]@@b{
jCjKQ2l~=\X6vHLʐd=҉!:NbrY0]~޷DWddjW4"0*Բ*8. ']LIbUOM!9(Tn?dօ-zDs6hw7_j|G}"0";"Robert King served in the Peace Corps and traveled extensively before completing his degree in English at the University of Michigan in 1992, the year he joined the company.  After completing a course entitled ""Selling in Europe,"" he was transferred to the London office in March 1993.";"5";"http://accweb/emmployees/davolio.bmp";"1991.5500488"
"8";"Callahan";"Laura";"Inside Sales Coordinator";"Ms.";"1958-01-09 00:00:00";"1994-03-05 00:00:00";"4726 - 11th Ave. N.E.";"Seattle";"WA";"98105";"USA";"(206) 555-1189";"2344";""0JFIF"0"0"0d"0d"0"0"0Ducky"0"0"0"0"0K"0"0"0&Adobe"0d"0"0"0"0
""0"0""0"0"0"0?"0"0."0"0	


	"0"0"0"0"0"0"0"0"0"0"0"0"0"0"0"0"0"0"0"0"0"0"0"0"0"0"0"0"0"0"0"0"0"0"0"0"0"0!1 0""2A#$43%5"0"0"0"0"0"0!1A Q""aq2BRr#03Cs"0"0"0"0"0"0"0"0"0"0"0!@"00P` a"0"0"0"0"0!1AQaq 0"0"0"0"0u۠Adhyb+]?>.ëu閹_NiXwJzM}\JףNR+}a"B*T:^gt3<D\.;Fs΂k0U]g>+CoX PF;;	v}R_nTŐGvc[\lGEz]͵""xC0U\UՅʅ@$s;Mk[={vg]ƅ"w!qmfR清47zV[=qF-ӘXA\""\+hyjddNe:qkF-yݥDTE':؈YS_&HqjMtaJV5JȊR@X!(,S	su۷NqXȴt4^vGGY}QE0sU2"\=߻EAq7@;]5M;*FGt":BPYef7%Jf}X2G;(*i1wզQ
	VP="92HzPcrM==4:1|S@IM0SY""zAWh7@-,-
*I""CFہ6w<ehk	Sj2֞ej+ܒ0J:z9xm6Ǯ+ېm,%y\hG\C-s
sKLC1?oAc`-.\F)nE8>p"0ܒ,,(fD\L[H;kЊns[-:>%AuAs	!n4&Uh:3ݤЄgokpWL<+ m,dȖkI}[&ĔyHqr\Q,Lg1""xڲ=[UiTC-#)S-ڤ! )5j"0"0OL|ӵ(fݻ^FיkY'G\֘ddQwF7[úYų}Ǯ^ٻ6i{׆K"Aqq	:Ӱm[5g4O_ҡ)S){^4jY?ʬe3LM[-6Hnm8A;Ejok[znҳnڐkfmx/`
z	:}$fJX*I]ڣXpQvPEPk\%+UnN""-vv-uwX<>l"0Bk{HkvHpsj*R]Cp\I^؆02M+S߭\u֣s/vkܭXlv]>a:XA<S	ǗR#iUVI#OJ쪸3<]Sgc&+5%'ɤGyv.G1v""0+sS^9G#cU?ƻv68ѡ<M u݇_;up,kKYѓb""S/vvbԖݝhk-)c|#tFQ;emW`vS"05 Xs?s+愫W{b!<7W枿,?Ӏ3N~lS	)ن~vCUl>e"0!-hd"0@bdxխX$XYG9=rEX]NiGfºtu"_a4L5/a!g
Oq*g#,]+K[J*U|ҎvNjx?.?#5ޫ&XcGR݈9sR8P.'G}Rby"^%{/^_hu|1ׁ	.IK+Z[kK_GY>#2yIӺ~lo[(8Tf.,M~ݏ-:.}_!#4]E%h6^Mj~J`qkK	+++(y?:|V%bѨ;N"pҖcbK]sg֘aeee@"0VWƭ~U9TjWd2du`.sYY]²l_bAq$]W^fDt2TM""_&t??"0o"0{?M"0X5r~"0"0~SZ]:#SBQNFܠ@\L*$PXP
g4Α97qXpuj%}ÿ-w(7s7yԢ'6O#[t(LnSAV=g'eJ:5Ȝs9'тVpV)"0o6Hx~ z
aDosWZPj 2\alVe5^RiQWreeeerN@'A59D8=Eȝj:ƈE=d&.e!["0
kn""VHD"0slNЧ8EB5AVvȦ?C$mq8^HGdá;}P7^(Ke"0A1'""Pd!""(?p
C;΀,ǐ
g}'y(xE5?C"0"0nȑgN;cc8P&uAэ"rgL'5i9vrCS]>E{vf4<ȏsAcG'("0)Jk/AXqh(FF7a`v4et'yݗe~i#ӄ<&A>>K!3OɛQ.+⸧ QB,hPO5qP!a=e"0 PJ}@aDΎA"
rhhH'B2Pi+unht:ҦNBxd""~P(JJ	^8epj!S<z^nOnV7(FQ(\,EȌ(ZPAE4Ɓȹ{9[PЕEAIj?"0?P+fӦfԍ9@p"0?../g~d3xo"0?Nq:/5ps	&0]HADX@n|>F>""M[>#c2|ㇵ+.:MCw8@Ë~S3䅭(@S^cm9`Y(ApD!ꃻgyy!rY4Lk)tpڔyQVdheB5_-"B0Sqc	NAxpa*J3zX" |P.7N+Nwn07EvCWwxqchk7mmJ2v~hߢh*THnt_O$q.!<Qhv͠8j=Pt.>?<aBk*rT	;mH* x0}'Tͪwh8Oݙѩ,BjP&kX"0rtVbe\'#N_w'"73~AE΂,\#(E]	mFPN]5v	.w"05E1Q5""~.bˈM=aYe[g*3迒NcJq"'.NG.Bk]n[0EQcE4]q]sOt}m""(bry)E; Tr]6=Mn{vhHcRcPw1"0cHLE4k䝍t!]XT+$bѭvB/sLh1
%C@FRuQwp(db92* IQ5C3.8)6z**.a!RJJf_!4pN͛UőhCt7q7.ݭhKZ"0`\LOÓ5tq=ğt#%kc+NM "0W.X7'5E$ZGe[Eg9BMQ98i]f#;;~hzL"0(s2T:8
t{?;hDq2<ZH&A#'y-L&cكOqR@'15_]鰋^ÀxmsyMXKE""v jJZGiahUoB߉m|jwD20r;BvYK"AݶVtd""Lq.S_G3]8.frv"
A#kLDuHE愄K*~""jmc6]X'ϐ_,5n7.Zw%)<I2!E{!Qª#^wECh?wgAz#Bs"0?!CG!똘bqy3%Mz<@]
ᨋ'pĲ͠X2~ gxv	`̹A业K*m->""b={7M7Q_xr_*d$T6U{JhN|D
Q4C$9`uvA`]%avk
;32l5e"0!=Tj<ml3KzV,D2n>l+;Q(CF%LD6,GpLkTEEߧݖO+Ps
Q-%"01|KR"o8_Q|`s\K/%xJ̈́B?`Q-</e=AcʟV<KUhW!u,uVh""mܢjZ}-PI
fG_Xvb]2G,PJ@VgDC-\lgK$X1].ȇv&P';]A+$OyIOA""r^K~043x1Jd&6=ByEM"9;x1n"0)P	[AŨrM2?'4j"069 ya(w2a
ۘڸ圡*7djCQT CSl[
K`Z"")ikʋLs7uAE2-ypgA,䉱/V~kT]R"0mcdPF
{$%$w8&+;Uc LׇqDm<)XfcHăXޥշR]8!K#+"0xl.Z"0"ݬ?R(j->PXQU
""qCg&4㶠=a<*Gy)j:B=~YZ/xD5J<:3Sȋ0Ũ%xY>m*|ݠYxiw{GΕg`kXXB<¾iVS,"ᩆ<z7.HUቜ9]?)enj[k#.#?Qi,䨎37dϘJ%`8""fYvD͠h&.;KgoȾ8"*OU-s.qsͤ$r.pJgZPFB@WMv5ܫ|ڜ9M_J͸'fY}ͬǝpbͺS(t5/2sjQiM67eN*W1n߅0yߐ|{^S-?r4?~c<>#i~/zy<?J6w23e=WxԳ1ffLիn?!,gP[#ouVYVV4eRGJ̵A>"0b6U[<jb
p<}o,1ýpc?O6|>.4{tp_;:['"0?!""Ec!]WJ31N	C:(bk\Ɖ""52P',z(:S.n<A\ltЂ8%O1""A4e?|	SdbQz3o:\[Ae1l_X"=*	y-L:GRsG9*躆1əÖ=*0Bݕ,r5I(L&z!X%{l(TB Zż^+f"'FiEєڀۤǤ=zՒ>n-aXK: [3$r%ńubX d9eAO2yT(1.]@cY%NDtE30ш 0JFY*PP>Ԥ:.2STR=IDW0,"0t-0ppL!"0͙?"0?!D6aw$a;&Arā00+s\ZI31=dh1G&Njt~S; UEJ`u`,EYk2ĬPb,(2@^^)9DR_hW8f5:@g!g0W0EJ*Ӽ	L%\W}?K"0*T:qt"0hJR/醎&]c&9ġ;~"0fԬf}R̾G:,3(B9,p
Unc8NҺ""A&OyWr8ToR֏ha3DjzsLYlMpPtz""d0m_H""F
q~Ya;vKQr	K""F!V=.\/+
ΈEmWKQx"0"0"0"0gn-۽X+hZۋB"0xT7aLcpȥRԶqS쓖c6'q<1xLHQQ/6kx]M=G3$<[Fͳm&wJ3X"0R-AJW0/."0?D(r2G* AN2+*
Q(@W}dmEPҩm@Ev^O/yF˚3)4̨B"B#]`8se0Ii"0_gZG9pCt8pAj-cr*éD\ў)S"0ZZpYqa1,wȱxiQy/s<\1۹J+,wX:]wQQ86wG̹0l}.sv""7BDy`*(C'`m
{xFRbL"">إ-qvn.c"0*"0)Q	pSqVT}*"0dv^Qe"0&S-`_&exB2Si"0+Ѹfup""6>?(꩜BzRd:	D3{<jJKe"0M.u)+r򲭮ܕ{/RA*%%Y{6.LC(e""2\ƺ*߼o"0˗epصop_fh
eY,hbmO3p+\[;1&oAYÍ]*"0;(UNb+[ݮZEiR*"0kT#B
;
zNho<>`ibdkTlômcP0p@{"0|Ca_ؔ}+ؕ03PW\@O
8;yAnK`kNӟD&D""
5hA:k2NDf4@lרP|S+
WwUke٩nXxR?E
mU(-""!pyiW4TB'Uh"&C.)(:e(=O@EZ'5"0}"0,ۼD ؁D""~Jш̥;s	sw=P-zK
)"ֵ$N \*`EL͢ـHTLFI9ka?_fbmdaϒOq0~W1<@zAZ4?Y*4"0
.\0!tQ(<c!D܋{XK.b"00c~FiJNaC± 	R	JЋg.npX_'Eˠ"!95Zk>		G e)c̠HJ-c$(ٔݜnʅ[2̷]ꋕtjڵ"K` ݝG"1#_Z{=ʼRǼX|;20|KiCQƂs6?g0-p+4G
qs.솻bzvC[ lVv\v8ʩA!`CeFE&%2܊!VZ*<	eȉEkEb0]dǸ-AƏe_bXmV-w܂k/"~BUɦ`[F=0Z
FAviU:f4#anv,>#<ΈAHK"iao]Z.̃b_5He|""~⃈l4<òYy^_!Vۻ1jvRXrD;cnd*Du9K˗q''?шXs[Ko/<qihSЧ_10"i6Zcœ5cMhKrբ+B""{%a/VĘV7huX^e}Vv!@.*;R5=h"0S]={f~Ĝ]Va(dFG|ÐnĮ+<E"3ʦ "0`%B*os;*T@(؀$	Wq[5[4EY{HIiYCK۷N͏N"" EU02ڼmv%205-A@Cc[!^
Z1SDdy%Sۻ؈Ԕgk
rxۂcbܺҨ-->|GRЁgS-;""`KE`;V\&_'m&{mbV
""aqY̸(CcA8hYr.ۉuO]gږd ٚ\/*YqW4(p%?o@q+]h Kظ-cdJ3[zM\Yһ߸Ir*&q/|ѐ\r1|}ԠnUќE<'w!98"0a+D,^̨
tYLps9s"0#晷(ĊKD9Uo|g3CYe=1W)ZQbӔ| ;` Xq.d9A"0oTΧ	i~7?GO{G"0c"0<s?=O"0?ߪ΂-_es)VPLfjl9˝6y""PpDYQt̞K/ M717(bhv&U+&QKj<;?ejb\[JZp^.;"0f""U<ʒPEʗJ`F9IP;	*3@ʰM \Hsnp9(I-DyJVY{ג>5nƬq-mb9u"0f
9-TcqK n
rT#!\j_X0bEr5N.fH-镱̨	y	S{;ĩ
""+00B4Ia0|DLTx8aR"0r)96);0|pM`lFP˗v"0"0[Xpne9j]9$
Jw3q-/r7홀QMO^olCKa\<}""""*9RKf;Gh9׽Aa}frF8Ap*""Ybg԰g@,#ʊ_AҦlɯ(4cic{J
t\A|"0%@XEJmqPAw
cGܬܥ^""l=:g]A2FCM&"0n""\::kR&xex"0NѸL`>жaJ"0`]3bdy<Iw"".eCJ FSx3,.&P6F
@]V]BoMMG].޾8"0?ۣ2wD .:b.鏹KlFؖP1@G"0xdY5Pŵ3gwZ҃Vh)1mԧP12.	d
Bn^MA~H3+nSp]|	)RJ2,YniC(KWv$PеJʖ6J0F")p@%D8e!섆8hx1{Tf
ƌD*Z<3.ǌ381pM0vNQ3p2T-݋.HZȨ""EJGhD*+rҡ4x\b/P	f;'~b&["0fT_Aqj"0l.ƣ>%PRɶWU_,maGKԌ{@1j\J|Gm|ǂ1Rĸ"l@{LV*=vhĭZ-}9apDr5)fmjQ/9b(4?yDnѺSh^`tm26˂_7(I]w<Ti2֠b2c@VZb"0Z93yk*ˤT09!P((1S,+uꝢs"0ݣ#pHXq2ɶ\%Řeqp/N$#"1F-?b̲-]W0d\}M:G2ixeʠ9%|P˺qq00C.^2,|qY4ŁT
0QV:,c&=g)F;"0";"Laura received a BA in psychology from the University of Washington.  She has also completed a course in business French.  She reads and writes French.";"2";"http://accweb/emmployees/davolio.bmp";"2100.5"
"9";"Dodsworth";"Anne";"Sales Representative";"Ms.";"1966-01-27 00:00:00";"1994-11-15 00:00:00";"7 Houndstooth Rd.";"London";"N;"WG2 7LT";"UK";"(71) 555-4444";"452";""0JFIF"0"0"0d"0d"0"0"0Ducky"0"0"0"0"0H"0"0"0&Adobe"0d"0"0"0"0
""0"0'"0"02"0"05"0"0/"0"0						""0"0"0"0"0"0"0"0"0"0"0"0"0"0"0"0"0"0"0"0"0"0"0"0"0"0"0"0"0"0"0"0"0"0"0"0!1 A""23#0B$45"0"0"0"0"0"0"0!1AQ""2 aqBR#0br3CS"0"0"0"0"0"0"0"0"0"0"00!"0 @P`1p"0"0"0"0"0"0"0!1AQaq "0"0"0"0)&P@dW2e޲S$o޶;g=@UEj2yn:""]s|u\v~ HA.. 2Efeg@C
r$""nMtz	=:i9)9z;Uz3cjrӬAV+Y{8a=`"ߜlgjwuYZْmD4 ~z;bw5ڔl)I&wQUvnL}O>uRN-y-)JM+,,'yy,ctYb~j.OYf'1b;d6\z*ܐjH;܍ԔZ,|<܍^!zyN.پt=>_Oz/cAb3ó:|."]Wb5F/wEGj&xWs)na	^ԥ/ϝ}xXH%#yui{&%lKYZ4&t""-/ԁ:D5مܗ܇i-MgNNV>UU~s]5TBDH@~+{x{
ڐOȖb^E9T({<3)ՠAyJ	=Qb^UT|{:rSUnjC]`)cI>7sh*5q8YN	{R?JHbݥp"e=Y¹QZ~Uo=a֥3G<{FCYpg>.Q_=6˚VLS^:?`ooO
az`^>zbDjߚBGh,2Y&ak(l@hʘd:Ipc(ErQf>zYU/Q[:f4oO""n"0ufYLjI8E-p{59Cs#TΆg&;:YM㴔ܶ
M-&R)nX䖇@%tK1|VջASɞJvCM:
+kU҆I\#ug "0"0`*C78ÌxRmRDXCn՟ rɖ֖ȃf CcIvu+"bP1W??U<ViV$c4͆[\1լZơ{Je*Rmu `7[Crvnt:qJf&#	ͤj.i d)fMmZsoW*?קt:5gWb(M+[0eX/46ijb:++"0zSZE,¥drRsyvh (X/""f>UOTvP7*W`iV""0K+j"0w6d""bo06hjk{=}=SҍZkrE
vppW	5#`7n\-i=gƨ;_7e6v"kNSg\|jhVBiX)a6OlKiqw#mj -O]]v[Iu_&!j[R]-q46-[oY"0^VllߨZjSL
;Uk(SiɷT,ĪɳV{u_['6"0&GM"0<UwFge""Bff 13n>_EZ{u"0ݛk[R}z<a*_ײN2{=Y(MKե"xB@gO{WG˼q.W壶umUdՎ[c_a,b?ϪZSNP&(=ϱ[WU,JInkhV2ƥ"0X7u/mM:Ҏ/VqڦXlF+]6ۙWm5ߕ.V"""0eq~`5}47V{OwVMmWUm~)`r`TTz ĭlZ`kK.mjg`l{bwO>'>H놱%4=zvY>>Vcrt/
6݅ۖϤk+~!*QJZTc+7[[_Ol~gJw"0#"0("0D"0"0랙cLC8OF_ՙg)|<aCz7XLcbxǢOUYx=ٿ0yY7@z0Ĩ?&)_ɀƀC>""&#}9rff|S=嫈LAH[72քc+	Nffc,&b4FgOR&:Y~-"?IyS=Y BfrϽDGfE~0P<Nz'LA\ߩL39JL{V-LώfqS-0$\:fg 𼮼9`JcaYLt=\\@Xtdzrfxtsx I|zN3YxbGLcCd3Wcta8L/'QѠEz!XbǃG??"0"0@YZ(w){B3-\}*d1:"0'i)
0Eic@Rb	sc:Z;LDXe-+ct=D=t R:ak1a21<pS+=R>а1a*f:
ɟ%pǂȣ,O	dr2Gь3Ab!V'YBR'!q0ʊL(wLV刱ӽUg#4A\Lʛ)jdW	1.L"0tNfBt	фǋCL@1*YNapCGHf""#qЈSL'1W8z<h>8Ocg!SlQ~wȄ=> 2P%6q ?z320ti]}e	aA1+JWC](|7%c$EGK:bC`I1,Oǘx2aE&&al>単:3tVf~aő`w?3?"0?W"0?<IlQ@MCfyMz<ex=f˙$R/"0?0voNF{]Tgy
=ġ/o4)b=nsi|doR0zjTR	NC qV3-eGQl@wzhFC Y:ǲZ.>+ԏCcW<4]7zM/GZD,?BMP(h^$:A4*Vsu!7 CҊ0%YE"0""Y~+{vW5ЈP"0CeQݼ/!x1/>D^
zze'D)7GX\]Kdr˕cʮNrT*8OSE"cp me#COox/tE4?+\mO
RܵAc5\[)^rlD_$u~A-@R	֨e+8,;ќޛF~Lg8_k	2 k%_	}Cܥuݏt$Bz'9	H3E"0"0d]s(]t`z"0,#rFS8"0*{cul&!`$Yi@Xei8IgTJ[$OJMfz'KÁNF\Pc!R:C+0<""7ݰKȗ#ڄ2zkc^]ň'Ŗ1ZGBDCfx\*$׌{}f)\x뜻HyJzm>J4&W<8kj\3dO([Pn!CWSUYF ڟl
z&!9U[1`0jT6H0d#-cs&5!}kS\Q""E֑^
"05d'*GT;TҴΰP#z%}~}R86`~pO-r!kV)r^f(Jsz,B`qig3rSr`X,T-3̻k%/Pceuԝ*]tCQzZ*-*U]9LVֳcd'3$rK;J$U,3ބai+b`JT
	dx#3YOruLSᲴR9Y]8l)x{CdTUv"0?!l@%	A)V 2i9xQ}C
5[²)l6?:%Màf0E2++k~Xm)u"8
_d~j&}Sdw^7TT@_ў'4D4&L+"0{y&J+/xmm}eww4}}!T9yA 0+$`<?59Ek-*?xpX_x}wJ&'OwtDX?0Tˤ "" ""9?W؎pA"g`ic焘Vӹ[Z"׵ `TTƣ._@}]^"0>l;Eܡx$opu{j7/
.-rKJa_wm}TX$p&:`ptt6~;#"0qي~X8 Rƫ'-{J\MXZqmȞ7LPdH:v^""\`ɷٛ\ĥx.p~XwyK֞ g4$KCW`"?)r""P{B""Ϩ(~ʖAs	7g4x+j0&\1~v57Bg٫j&ҽ(x>&:+Ej^|"0h1)MrE[oP^Ɏ\(q-*gAzP~鯁m[V""W<\ Rj.!DY-l}*hVʑ=?L5Bp#%//E5T8+LS9T:x]la%!o!Cos8K#I,q-MoXXOOKrO	`uPg eIXRZ>2\OxLsc"0"0$`졪|(ZizH~(qr77oe^cj^X)"Ry^0"?%`/,aͯk,i4:VYkkmj
3-)ĭ%:Jjd]G'nl%@3P,=̦Mxgl!zI*X8f[!' )1_dc?_wL2!-e9))ᓪHlKT2gO9vs,&leeU4fs"<:e`[|V+a3Q7w|P^Ҧ[WiK!>pف̱KFJy4/̣纡t~igfo<"0Tv""ϟHL cVfW~)ɬj<2}oQH䕃/Ħn8h}"0~2}Rnq8xıpm0ºeB{30FҭEqC`֣k oBvB2K!SW$6암)U"0i{k)1BXeIq61Kd!TV0=]VBw 31,̛\sov3/ޥ}84x"K#r=t맞ϿG"0?!.0glTqQf|Jq-1OdS/-,N""S3	Rք ҥC1G	c+5"@%u JݦxsO!T`!(^/uP uaĪ\*`1[]-]xLwPB.R=s-TǙy]%@KD)h&j8""aE8T¥EGJU)1>m0*D.,DɃA%u.(!,&e#>.	Pe1C4Q9.|N\ԾzS[a/GB%#$Q\Lr"0(ʛQEh$Cs8t5""t:ץF+umX3-=A)R`
#Dw&q55GAIlL.`4H0Q	4bEG}=$/֥=GrL%)b[0ft"0&]c\å6"0?!"0@5.#CK+^#Ё/C3_Tg)72&@{-OMN~By8e""*udӤpJXm-dĈǡ3WyOj6V}@=b2:A=Z TJO1Q<NPMYe$c90]8!"0Ad 3.qpB5L$S2u!:r&CtE	[Snd=\:D:"9XkEౕt'=*vJcTe'~dj3c0TVi
/j, % 
	1Z-G6	"|Lh$PSE8`>;G^Y/#j.D"e}""2ъ/I1$""㨑'LU""knaA(#`˘J	0"v""ʃbg)Д3tkF1$F.M22 +][7CãW"0"0"0"0|.H4ӡ!^8^"Or"0\)Y4AlWՙx%<ሓXT?cFFg5{1$za<WăRht3ak9!#iSey3MJ(Hfm:+=Ň"0(sF<&?xI&1HBj	"0?S%F*ڔķ\"0X;yӐC2
l	@85q.%c6բ*.^i
a~'p^v6-rk]Mf7""+HRnyV)*=.$=3TLG3pAkFx))m890*pY/Dfږkk-P`("0sūFgQM2LmEص|G*:[q""`/rdj(=222*rF6Ňd* Zn=F޾0ͷgݩiy&v;FfD򵟬0Ejg) 5V]"0	@bBd`y&kRYe$8|/48ұE,X⽃̵Ԍo<`ٗ,Z`/#ܬ(q97-;"0
@JRT˕AǱ-`ƶ""J0)YY;'>MBb;G#|~""@ٝ'@.(ssOeB"0PPoZ*""*'KÙbUTDQ>b""P"06٥/[b8Зh̽FW`<J}R ^j4MeQq0m%gd~1\/Q-ħgԎqy""W" n7ًaV0uPBRm-{3a"`S?3]%Ő7UHFGED+N}4ԥ08f~)#>չؠcM^Oc+شb{FLv&KSc"0EkG\QDPm/v1~8@w}X,Dnʪd4,4Pipzd^X#NF	igZa_qՖaЎ"0d4U_As/8*ff"0d*eTv+1vqIXF*9_A,-b_!%JF$Ʊ;I""0<ABf?JYwRX*Յ'""Sz!>'n2@/	l2QÂmh<Vn}^2LT
[QZ,)DWbQehVtbȜ*̪p"l`U{-w̲Öl(do.%!W}_fjӶ{ï֪=	Oy~`0&l0hPViUShuZC% L`qIGLQ#n*BR"0Րʱad1H`?E9GqZ|AHv"0rc R&ܖLG8`ؘ)Ԩm'o*TT-ove9;R^Єb"0syx BC+k/k:a,_"td*g	[AT"0cioა+yf8
ܽ(=WxUEUfӹ%,B`1KKdbv(čbiR+p*׻0&Hx
h2PԵjCfL_&Ks]K -ڵbМpjUTs)LOh2/	pZ-j؊]^R#
L;El(8yhɦZA
t23Mhg*_|K&7h+zVH`TcǩEktQYy%D34ցnJ/_)sE_rBsB
E"0pYm}p鿐L~	vsoSMUzk5Bn`T/ nG\0;(L;jU-w ՆUJ[ld꣣KOPg7lh<z<J5KC.V3,GDc"0(0IRE*ؼϜ\$ӂs(&|$F»%V{0.ײeUڇTEPKh1M%UQP<O ykwY3^Js[aVfv68xr)O5PqfsAnF[Tbu=""<@|)Jfli_XL78UG!CQAxxl"F<	AӼ0I̪:Ҙ;d$:cڗTV^I+X!8VjyቧFUjS&{Dڱh-S0(ߓ1Nb̵9Z~4`-Q[̝)Rm01%]5*	^@;`	/uYfzgSjU"0X24~ Ӵ3(9*kkx""s3
-"0LffcJ5vv֦9
vGgLX|YHYIrRR]RQؠ渘vXМ>"qX%;6jadaTzto8}yG?>~:;0!_t"0?zL0Ds$0DhvAQWq8jo&aci|Ca?ͅG>(&ja"0"0w]2$--q`"

rbX<1!;(%8;[|6!>Ը& \QkrlmTm-.D_*	jєG
15N""q3eA""Jn8;`bU؛r,ePs"06@r	@8B^/dߖiD.@>b`LwW8.0Ib+<3`K.j\:EQRi{~0\K'.b"$_0ytyܺx!*|u}8zz4ĺ/Q#WqԠWY_{N*e%d^cO(>QBDyuJQ
*"0 Րd(̦e,z%o԰c0.!%n7st^u!!F3*&"Ec
`!J"	uL569Yl`djd`+VkIv"0|cRǘJ=pju8H=).;GNQ={"0&	i18q"5?hoh`%v9% 10)3ڴE)s8S)AޞܕT6<cıq0;`1IcRXQaa%2\!,6h`""B`K""q*J'2[r;Hվb2O?Cs7u4qm69oԚǉ|G|"0??BFfPoy,*T8p} "KbhwSmA	cXgs]QK$bO AM"0t~{o1SYk)A8#c};P&'rs;a"0#j:("0\IJV,fr5"0<ab,ECEvT9y"0"0V@aNO%tiTz/S[%AV@U-.A1G+ҒxFŸ&Y1.c%
0-u4<fX}clq"0n`AmA	6!0؆DQ[4rXժndcfCk»``+̵c'Z6R^\x1";>x`"0PO> dڔQnaeus3o9'39{;B:!,Z{0. h;0KLk<

V}wRGd\ZjJ7]?<ؙwWL>%N%)N1
ZY(nD1Բms,2PK^%"0ԃJYv61ͥ+0ˑs-Cd#QǺ)"0ggAp^c;ʵ0AR&l%aț,Ƈd;(ga *fh"0-_?xh$4Lf҄%~ fY R
K<D>  g)i*6k"0*){xdd#*.9GvaLDE#	Qn\8$'a&A*_2E-T&GШ;DLV "0[<f	9aEbe("0d"08R+|AtZ*WR]79̤WAF26_	Ň]#Pi&2mSc*nͺM|M?A6&i}_p"0";"Anne has a BA degree in English from St. Lawrence College.  She is fluent in French and German.";"5";"http://accweb/emmployees/davolio.bmp";"2333.3300781"
